Tiempo (s),Datos
216.02861102861104,0.0025
216.02871002871004,0.0
216.02880902880904,0.0
216.02890802890803,0.005
216.02900702900703,0.0
216.02910602910603,0.0025
216.02920502920503,0.0025
216.02930402930403,0.0025
216.02940302940306,-0.0025
216.02950202950205,0.0
216.02960102960105,0.0
216.02970002970005,-0.0025
216.02979902979905,0.0
216.02989802989805,0.0025
216.02999702999705,0.0025
216.03009603009605,0.005
216.03019503019505,0.0025
216.03029403029404,0.0025
216.03039303039304,-0.0025
216.03049203049204,0.0025
216.03059103059104,-0.0025
216.03069003069004,0.0025
216.03078903078904,0.0025
216.03088803088804,0.0025
216.03098703098703,-0.0025
216.03108603108603,-0.0025
216.03118503118503,0.0025
216.03128403128403,0.0
216.03138303138306,-0.0025
216.03148203148206,-0.0025
216.03158103158106,-0.0025
216.03168003168005,-0.0025
216.03177903177905,-0.0025
216.03187803187805,-0.0025
216.03197703197705,0.0
216.03207603207605,0.0
216.03217503217505,0.0
216.03227403227405,0.0025
216.03237303237304,0.0
216.03247203247204,0.0
216.03257103257104,0.0
216.03267003267004,0.0
216.03276903276904,0.0
216.03286803286804,0.0
216.03296703296704,-0.0025
216.03306603306604,-0.0025
216.03316503316503,0.0
216.03326403326406,0.0
216.03336303336306,0.0
216.03346203346206,0.0025
216.03356103356106,0.0025
216.03366003366006,0.0025
216.03375903375905,0.0025
216.03385803385805,0.0025
216.03395703395705,0.005
216.03405603405605,-0.0025
216.03415503415505,-0.0025
216.03425403425405,-0.0025
216.03435303435305,-0.0025
216.03445203445204,0.0
216.03455103455104,0.0
216.03465003465004,-0.0025
216.03474903474904,0.0
216.03484803484804,0.0025
216.03494703494704,0.0
216.03504603504604,0.0
216.03514503514504,-0.0025
216.03524403524406,0.0025
216.03534303534306,0.0
216.03544203544206,0.0025
216.03554103554106,0.0
216.03564003564006,0.0025
216.03573903573906,0.0
216.03583803583805,0.0
216.03593703593705,0.0
216.03603603603605,0.0
216.03613503613505,0.0
216.03623403623405,0.0025
216.03633303633305,0.0025
216.03643203643205,0.0025
216.03653103653104,0.0025
216.03663003663004,0.0025
216.03672903672904,0.0025
216.03682803682804,0.0025
216.03692703692704,0.0
216.03702603702604,-0.0025
216.03712503712504,0.0025
216.03722403722406,0.0025
216.03732303732306,0.0
216.03742203742206,0.0
216.03752103752106,-0.0025
216.03762003762006,0.0
216.03771903771906,-0.0025
216.03781803781806,0.0025
216.03791703791705,0.0
216.03801603801605,0.0025
216.03811503811505,0.0025
216.03821403821405,0.0
216.03831303831305,0.0025
216.03841203841205,0.0
216.03851103851105,0.0025
216.03861003861005,0.0
216.03870903870904,0.0
216.03880803880804,0.0
216.03890703890704,0.0
216.03900603900604,0.0
216.03910503910504,0.0
216.03920403920407,0.0
216.03930303930306,0.005
216.03940203940206,0.0025
216.03950103950106,0.0025
216.03960003960006,0.0
216.03969903969906,0.0025
216.03979803979806,0.0025
216.03989703989706,0.0025
216.03999603999605,0.0025
216.04009504009505,0.0025
216.04019404019405,0.0025
216.04029304029305,0.0025
216.04039204039205,0.0
216.04049104049105,0.0
216.04059004059005,0.0025
216.04068904068905,0.005
216.04078804078804,0.0025
216.04088704088704,0.0
216.04098604098604,0.0025
216.04108504108507,0.0025
216.04118404118407,0.0
216.04128304128307,0.0
216.04138204138206,0.0025
216.04148104148106,0.0025
216.04158004158006,0.0
216.04167904167906,0.0
216.04177804177806,0.0
216.04187704187706,0.0
216.04197604197606,0.0025
216.04207504207506,0.0025
216.04217404217405,0.0
216.04227304227305,0.0
216.04237204237205,0.0
216.04247104247105,0.0025
216.04257004257005,0.0
216.04266904266905,0.0
216.04276804276805,0.0025
216.04286704286704,0.0
216.04296604296604,0.0
216.04306504306507,-0.0025
216.04316404316407,0.0
216.04326304326307,0.0025
216.04336204336207,0.0
216.04346104346106,0.0
216.04356004356006,0.0025
216.04365904365906,0.0
216.04375804375806,0.0025
216.04385704385706,0.0
216.04395604395606,0.0025
216.04405504405506,-0.0025
216.04415404415406,-0.0025
216.04425304425305,0.0025
216.04435204435205,0.0
216.04445104445105,0.0025
216.04455004455005,0.0
216.04464904464905,-0.0025
216.04474804474805,-0.0025
216.04484704484705,-0.0025
216.04494604494604,0.0025
216.04504504504507,-0.0025
216.04514404514407,0.0
216.04524304524307,0.0
216.04534204534207,-0.0025
216.04544104544107,0.0
216.04554004554006,0.0
216.04563904563906,0.0025
216.04573804573806,0.0025
216.04583704583706,0.0
216.04593604593606,0.0025
216.04603504603506,0.0025
216.04613404613406,0.0
216.04623304623306,0.0
216.04633204633205,0.0025
216.04643104643105,0.0
216.04653004653005,0.0
216.04662904662905,0.0025
216.04672804672805,0.005
216.04682704682705,0.0025
216.04692604692605,0.0
216.04702504702507,0.0025
216.04712404712407,0.0025
216.04722304722307,0.0
216.04732204732207,0.0
216.04742104742107,0.0025
216.04752004752007,0.0
216.04761904761907,0.0
216.04771804771806,0.0
216.04781704781706,0.0025
216.04791604791606,0.005
216.04801504801506,0.0025
216.04811404811406,0.0
216.04821304821306,0.0025
216.04831204831206,0.0025
216.04841104841105,0.0025
216.04851004851005,0.0
216.04860904860905,0.0
216.04870804870805,0.0025
216.04880704880705,0.0025
216.04890604890608,0.0025
216.04900504900507,0.0
216.04910404910407,0.0
216.04920304920307,0.005
216.04930204930207,0.0
216.04940104940107,0.0025
216.04950004950007,0.0
216.04959904959907,0.005
216.04969804969807,-0.0025
216.04979704979706,0.0025
216.04989604989606,0.005
216.04999504999506,0.0025
216.05009405009406,0.0
216.05019305019306,0.0
216.05029205029206,0.0025
216.05039105039106,0.0
216.05049005049005,0.0
216.05058905058905,0.0
216.05068805068805,0.0025
216.05078705078705,0.0
216.05088605088608,0.005
216.05098505098508,0.0
216.05108405108408,0.0
216.05118305118307,0.0
216.05128205128207,0.0
216.05138105138107,0.0025
216.05148005148007,0.0025
216.05157905157907,0.005
216.05167805167807,0.0
216.05177705177707,0.0
216.05187605187606,0.0025
216.05197505197506,0.0
216.05207405207406,0.0025
216.05217305217306,0.0025
216.05227205227206,0.0025
216.05237105237106,0.0025
216.05247005247006,0.0025
216.05256905256905,0.0025
216.05266805266805,0.0
216.05276705276705,0.0025
216.05286605286608,0.0
216.05296505296508,0.0025
216.05306405306408,0.0
216.05316305316308,0.0
216.05326205326207,-0.0025
216.05336105336107,0.0
216.05346005346007,0.0
216.05355905355907,0.0
216.05365805365807,0.0
216.05375705375707,0.0025
216.05385605385607,0.0
216.05395505395506,0.0
216.05405405405406,0.0025
216.05415305415306,0.0
216.05425205425206,0.0
216.05435105435106,0.0
216.05445005445006,0.0
216.05454905454906,0.0
216.05464805464806,0.0
216.05474705474708,0.0
216.05484605484608,0.0025
216.05494505494508,0.0
216.05504405504408,0.0025
216.05514305514308,0.0
216.05524205524208,0.0
216.05534105534107,-0.0025
216.05544005544007,0.0
216.05553905553907,0.0025
216.05563805563807,0.005
216.05573705573707,-0.0025
216.05583605583607,0.0025
216.05593505593507,-0.0025
216.05603405603406,0.0
216.05613305613306,-0.0025
216.05623205623206,0.0
216.05633105633106,0.0
216.05643005643006,0.0
216.05652905652906,0.0
216.05662805662806,-0.0025
216.05672705672708,0.0
216.05682605682608,0.0025
216.05692505692508,0.0
216.05702405702408,0.0025
216.05712305712308,0.0025
216.05722205722208,0.0
216.05732105732108,0.0
216.05742005742007,-0.0025
216.05751905751907,0.0
216.05761805761807,0.0025
216.05771705771707,0.005
216.05781605781607,0.0
216.05791505791507,0.0025
216.05801405801407,0.0025
216.05811305811307,0.0
216.05821205821206,0.0025
216.05831105831106,0.005
216.05841005841006,0.0025
216.05850905850906,0.0
216.05860805860806,0.005
216.05870705870709,0.0025
216.05880605880608,-0.0025
216.05890505890508,0.0025
216.05900405900408,0.0025
216.05910305910308,0.0025
216.05920205920208,0.0
216.05930105930108,0.0
216.05940005940008,0.0
216.05949905949907,0.0025
216.05959805959807,0.0
216.05969705969707,0.0
216.05979605979607,0.0025
216.05989505989507,0.0025
216.05999405999407,0.0025
216.06009306009307,0.0
216.06019206019207,-0.0025
216.06029106029106,-0.0025
216.06039006039006,0.0
216.06048906048906,0.0
216.06058806058806,-0.0025
216.0606870606871,0.0
216.06078606078609,0.0
216.06088506088508,0.0025
216.06098406098408,0.0025
216.06108306108308,-0.0025
216.06118206118208,-0.0025
216.06128106128108,0.0
216.06138006138008,0.0
216.06147906147908,0.0025
216.06157806157807,0.0
216.06167706167707,0.005
216.06177606177607,-0.0025
216.06187506187507,0.0
216.06197406197407,0.0
216.06207306207307,0.0
216.06217206217207,0.0
216.06227106227107,0.0
216.06237006237006,-0.0025
216.06246906246906,-0.0025
216.0625680625681,0.0
216.0626670626671,0.0025
216.0627660627661,0.0
216.0628650628651,-0.0025
216.06296406296408,0.0
216.06306306306308,0.0
216.06316206316208,0.0025
216.06326106326108,0.0
216.06336006336008,0.005
216.06345906345908,0.0
216.06355806355808,0.0
216.06365706365708,0.0
216.06375606375607,-0.0025
216.06385506385507,-0.0025
216.06395406395407,0.0
216.06405306405307,0.0
216.06415206415207,0.0
216.06425106425107,0.005
216.06435006435007,0.0
216.06444906444906,0.0
216.0645480645481,0.0025
216.0646470646471,-0.0025
216.0647460647461,-0.0025
216.0648450648451,0.0
216.0649440649441,0.0
216.06504306504308,-0.0025
216.06514206514208,0.005
216.06524106524108,0.0025
216.06534006534008,0.0
216.06543906543908,0.0
216.06553806553808,0.0025
216.06563706563708,0.0025
216.06573606573608,0.0
216.06583506583507,0.0
216.06593406593407,0.0
216.06603306603307,0.0
216.06613206613207,0.0
216.06623106623107,0.0025
216.06633006633007,-0.0025
216.06642906642907,0.005
216.0665280665281,0.0025
216.0666270666271,0.0025
216.0667260667261,0.0025
216.0668250668251,0.0
216.0669240669241,0.0025
216.0670230670231,0.0
216.06712206712209,0.0025
216.06722106722108,0.0
216.06732006732008,0.0
216.06741906741908,0.0025
216.06751806751808,0.0025
216.06761706761708,0.0
216.06771606771608,0.0
216.06781506781508,0.0
216.06791406791407,0.0025
216.06801306801307,0.0
216.06811206811207,0.0025
216.06821106821107,0.0025
216.06831006831007,0.0
216.06840906840907,0.0
216.0685080685081,0.0025
216.0686070686071,0.005
216.0687060687061,0.0025
216.0688050688051,0.0025
216.0689040689041,0.0025
216.0690030690031,0.0025
216.0691020691021,0.0
216.06920106920109,0.0025
216.06930006930008,0.0025
216.06939906939908,0.0
216.06949806949808,0.0025
216.06959706959708,0.0025
216.06969606969608,0.0025
216.06979506979508,0.0025
216.06989406989408,0.0025
216.06999306999307,0.0
216.07009207009207,0.0025
216.07019107019107,0.0025
216.07029007029007,0.0025
216.0703890703891,0.0025
216.0704880704881,0.0025
216.0705870705871,0.0025
216.0706860706861,0.0025
216.0707850707851,0.0025
216.0708840708841,0.0025
216.0709830709831,-0.0025
216.0710820710821,0.0
216.0711810711811,0.0025
216.07128007128009,0.0025
216.07137907137908,0.0025
216.07147807147808,0.0025
216.07157707157708,0.0025
216.07167607167608,0.0025
216.07177507177508,0.005
216.07187407187408,0.0
216.07197307197308,0.0
216.07207207207207,0.0
216.07217107217107,0.0
216.07227007227007,0.0
216.0723690723691,0.0025
216.0724680724681,0.0025
216.0725670725671,0.0
216.0726660726661,0.0025
216.0727650727651,0.0025
216.0728640728641,0.0
216.0729630729631,0.0
216.0730620730621,0.0
216.0731610731611,0.0
216.0732600732601,0.0
216.0733590733591,-0.0025
216.07345807345808,0.0
216.07355707355708,0.0
216.07365607365608,0.0
216.07375507375508,0.0
216.07385407385408,0.0025
216.07395307395308,0.0
216.07405207405208,0.0
216.07415107415108,0.0
216.07425007425007,0.0
216.0743490743491,0.0
216.0744480744481,0.0
216.0745470745471,0.0
216.0746460746461,0.0025
216.0747450747451,0.0025
216.0748440748441,0.0
216.0749430749431,-0.0025
216.0750420750421,0.0
216.0751410751411,0.0
216.0752400752401,0.0025
216.0753390753391,0.0
216.0754380754381,-0.0025
216.07553707553708,0.0
216.07563607563608,0.0025
216.07573507573508,0.0025
216.07583407583408,0.0025
216.07593307593308,0.0025
216.07603207603208,0.0
216.07613107613108,-0.0025
216.0762300762301,0.0025
216.0763290763291,0.0025
216.0764280764281,0.0025
216.0765270765271,0.0025
216.0766260766261,0.0
216.0767250767251,0.0
216.0768240768241,0.0
216.0769230769231,0.0
216.0770220770221,0.0025
216.0771210771211,0.0025
216.0772200772201,0.0025
216.0773190773191,0.0025
216.0774180774181,0.0025
216.0775170775171,0.0025
216.07761607761609,0.0025
216.07771507771508,-0.0025
216.07781407781408,0.0
216.07791307791308,0.0025
216.07801207801208,0.0025
216.07811107811108,0.0
216.0782100782101,0.0
216.0783090783091,-0.0025
216.0784080784081,0.0
216.0785070785071,0.0
216.0786060786061,0.0025
216.0787050787051,0.0025
216.0788040788041,0.0
216.0789030789031,0.0025
216.0790020790021,0.0
216.0791010791011,0.0025
216.0792000792001,0.0
216.0792990792991,0.0
216.0793980793981,0.0
216.0794970794971,0.0
216.0795960795961,0.0025
216.07969507969509,0.0025
216.07979407979408,0.0
216.07989307989308,0.0
216.07999207999208,0.0
216.08009108009108,0.0
216.0801900801901,0.005
216.0802890802891,0.0025
216.0803880803881,0.005
216.0804870804871,0.0
216.0805860805861,0.0025
216.0806850806851,0.0
216.0807840807841,0.0025
216.0808830808831,0.0025
216.0809820809821,0.0025
216.0810810810811,0.0025
216.0811800811801,0.0025
216.0812790812791,0.0
216.0813780813781,0.0
216.0814770814771,0.0
216.0815760815761,0.0025
216.0816750816751,0.0
216.08177408177409,0.0025
216.08187308187308,0.0025
216.08197208197208,0.0
216.08207108207108,0.0
216.0821700821701,0.0
216.0822690822691,0.0
216.0823680823681,0.0
216.0824670824671,0.0
216.0825660825661,0.0025
216.0826650826651,0.0025
216.0827640827641,0.0
216.0828630828631,0.0025
216.0829620829621,0.0025
216.0830610830611,0.0025
216.0831600831601,0.0
216.0832590832591,0.0025
216.0833580833581,0.0025
216.0834570834571,0.0025
216.0835560835561,0.0025
216.0836550836551,0.0
216.0837540837541,0.0
216.08385308385309,0.0
216.08395208395208,0.0
216.0840510840511,0.0
216.0841500841501,0.0
216.0842490842491,0.0
216.0843480843481,0.0
216.0844470844471,0.0025
216.0845460845461,0.0025
216.0846450846451,0.0
216.0847440847441,0.0025
216.0848430848431,0.0
216.0849420849421,0.0025
216.0850410850411,-0.0025
216.0851400851401,-0.0025
216.0852390852391,0.0
216.0853380853381,0.0025
216.0854370854371,0.0
216.0855360855361,-0.0025
216.0856350856351,0.0
216.0857340857341,0.0
216.0858330858331,0.0
216.0859320859321,0.0025
216.0860310860311,0.0025
216.0861300861301,0.0025
216.0862290862291,0.0025
216.0863280863281,0.0
216.0864270864271,0.0025
216.0865260865261,0.0
216.0866250866251,0.0
216.0867240867241,0.0025
216.0868230868231,0.0025
216.0869220869221,0.0
216.0870210870211,0.0
216.0871200871201,0.0025
216.0872190872191,0.0
216.0873180873181,0.0
216.0874170874171,0.0
216.0875160875161,0.0025
216.0876150876151,0.0
216.0877140877141,0.0025
216.0878130878131,0.0
216.0879120879121,0.0025
216.08801108801111,0.0
216.0881100881101,0.0025
216.0882090882091,0.0025
216.0883080883081,0.0
216.0884070884071,0.0
216.0885060885061,-0.0025
216.0886050886051,0.0025
216.0887040887041,0.0
216.0888030888031,0.0
216.0889020889021,0.0
216.0890010890011,0.0025
216.0891000891001,0.0
216.0891990891991,-0.0025
216.0892980892981,-0.0025
216.0893970893971,0.0
216.0894960894961,0.0
216.0895950895951,0.0
216.0896940896941,0.0
216.0897930897931,0.0025
216.0898920898921,0.0025
216.08999108999112,0.0025
216.09009009009011,0.0
216.0901890901891,0.0
216.0902880902881,-0.0025
216.0903870903871,0.0025
216.0904860904861,0.0025
216.0905850905851,0.0025
216.0906840906841,0.0025
216.0907830907831,0.0
216.0908820908821,0.0025
216.0909810909811,0.0025
216.0910800910801,0.0
216.0911790911791,0.0
216.0912780912781,0.0
216.0913770913771,0.0025
216.0914760914761,0.0025
216.0915750915751,0.0025
216.0916740916741,0.0
216.0917730917731,0.0025
216.09187209187212,0.0025
216.09197109197112,0.0
216.09207009207012,0.0
216.09216909216912,0.0
216.0922680922681,0.0025
216.0923670923671,0.0
216.0924660924661,0.0
216.0925650925651,0.0
216.0926640926641,0.0
216.0927630927631,0.0
216.0928620928621,-0.0025
216.0929610929611,0.0
216.0930600930601,0.0025
216.0931590931591,0.0
216.0932580932581,0.0
216.0933570933571,0.0
216.0934560934561,0.0
216.0935550935551,0.0
216.0936540936541,0.0025
216.0937530937531,0.005
216.09385209385212,0.0
216.09395109395112,0.0025
216.09405009405012,-0.0025
216.09414909414912,-0.0025
216.09424809424812,0.0
216.0943470943471,0.0
216.0944460944461,0.005
216.0945450945451,0.005
216.0946440946441,0.0025
216.0947430947431,0.0
216.0948420948421,0.0
216.0949410949411,-0.0025
216.0950400950401,-0.0025
216.0951390951391,0.0
216.0952380952381,0.0025
216.0953370953371,0.0025
216.0954360954361,0.0025
216.0955350955351,-0.0025
216.0956340956341,-0.0025
216.0957330957331,-0.0025
216.09583209583212,0.0
216.09593109593112,0.0
216.09603009603012,-0.0025
216.09612909612912,0.0025
216.09622809622812,0.0
216.09632709632712,0.005
216.09642609642611,0.0
216.0965250965251,0.0025
216.0966240966241,0.0
216.0967230967231,0.0
216.0968220968221,0.0
216.0969210969211,0.0025
216.0970200970201,0.0
216.0971190971191,0.0
216.0972180972181,0.005
216.0973170973171,0.0025
216.0974160974161,0.0025
216.0975150975151,0.0
216.0976140976141,0.0025
216.09771309771313,0.0
216.09781209781212,0.0025
216.09791109791112,0.0025
216.09801009801012,0.0025
216.09810909810912,0.0
216.09820809820812,0.0025
216.09830709830712,0.0
216.09840609840612,0.0
216.09850509850511,0.0
216.0986040986041,0.0025
216.0987030987031,0.0025
216.0988020988021,0.0025
216.0989010989011,0.0025
216.0990000990001,0.0
216.0990990990991,0.0025
216.0991980991981,0.0
216.0992970992971,0.005
216.0993960993961,0.0025
216.0994950994951,0.0025
216.0995940995941,0.0
216.09969309969313,-0.0025
216.09979209979213,0.005
216.09989109989112,-0.0025
216.09999009999012,0.0
216.10008910008912,0.0025
216.10018810018812,0.0
216.10028710028712,0.0
216.10038610038612,0.0
216.10048510048512,-0.0025
216.10058410058411,0.005
216.1006831006831,0.0
216.1007821007821,0.0
216.1008811008811,0.0
216.1009801009801,-0.0025
216.1010791010791,0.0025
216.1011781011781,0.0
216.1012771012771,0.0
216.1013761013761,0.0025
216.1014751014751,0.0
216.1015741015741,0.0025
216.10167310167313,0.0025
216.10177210177213,0.0
216.10187110187113,0.0025
216.10197010197012,0.0025
216.10206910206912,0.0
216.10216810216812,0.0
216.10226710226712,-0.0025
216.10236610236612,0.0025
216.10246510246512,-0.0025
216.10256410256412,0.0025
216.10266310266312,0.0
216.1027621027621,0.0025
216.1028611028611,0.0
216.1029601029601,0.0025
216.1030591030591,0.0
216.1031581031581,0.0
216.1032571032571,-0.0025
216.1033561033561,0.0025
216.1034551034551,0.0025
216.1035541035541,0.0
216.10365310365313,0.0
216.10375210375213,0.0
216.10385110385113,0.0
216.10395010395013,0.0
216.10404910404912,0.0
216.10414810414812,0.0
216.10424710424712,0.0025
216.10434610434612,0.0025
216.10444510444512,0.0025
216.10454410454412,0.005
216.10464310464312,-0.0025
216.10474210474212,0.0
216.1048411048411,0.0
216.1049401049401,-0.0025
216.1050391050391,-0.0025
216.1051381051381,0.0
216.1052371052371,0.0
216.1053361053361,-0.0025
216.1054351054351,0.0
216.10553410553413,-0.0025
216.10563310563313,0.0
216.10573210573213,0.0025
216.10583110583113,-0.0025
216.10593010593013,0.0025
216.10602910602913,0.0025
216.10612810612812,-0.0025
216.10622710622712,0.0025
216.10632610632612,-0.0025
216.10642510642512,0.0025
216.10652410652412,0.0
216.10662310662312,-0.0025
216.10672210672212,0.0
216.10682110682112,0.0025
216.10692010692011,0.0025
216.1070191070191,-0.0025
216.1071181071181,-0.0025
216.1072171072171,0.0
216.1073161073161,0.0
216.1074151074151,0.0
216.10751410751413,0.0
216.10761310761313,0.0
216.10771210771213,0.0
216.10781110781113,0.0
216.10791010791013,0.0025
216.10800910800913,0.0025
216.10810810810813,0.0
216.10820710820713,0.0
216.10830610830612,0.0025
216.10840510840512,0.0
216.10850410850412,0.0
216.10860310860312,0.0
216.10870210870212,0.0
216.10880110880112,0.0025
216.10890010890012,0.0
216.10899910899911,0.0
216.1090981090981,-0.0025
216.1091971091971,0.0025
216.1092961092961,0.0
216.1093951093951,0.0025
216.10949410949414,0.0
216.10959310959313,0.0025
216.10969210969213,0.0
216.10979110979113,0.0
216.10989010989013,0.0025
216.10998910998913,0.0025
216.11008811008813,0.0025
216.11018711018713,0.0
216.11028611028613,0.0
216.11038511038512,0.0
216.11048411048412,0.0025
216.11058311058312,0.0025
216.11068211068212,0.0
216.11078111078112,0.0
216.11088011088012,0.0025
216.11097911097912,0.0025
216.11107811107811,0.0
216.1111771111771,0.0
216.1112761112761,0.0
216.1113751113751,0.0
216.11147411147414,0.0
216.11157311157314,0.0025
216.11167211167214,0.0
216.11177111177113,0.0025
216.11187011187013,0.0
216.11196911196913,0.0
216.11206811206813,0.0025
216.11216711216713,0.0
216.11226611226613,0.0025
216.11236511236513,0.0
216.11246411246412,0.0
216.11256311256312,0.0
216.11266211266212,0.0
216.11276111276112,0.0025
216.11286011286012,0.0
216.11295911295912,0.0
216.11305811305812,0.0
216.11315711315711,0.0
216.1132561132561,0.0
216.11335511335514,-0.0025
216.11345411345414,0.0025
216.11355311355314,0.0025
216.11365211365214,-0.0025
216.11375111375114,0.0025
216.11385011385013,0.0025
216.11394911394913,0.0025
216.11404811404813,0.0
216.11414711414713,0.0025
216.11424611424613,0.0
216.11434511434513,0.0
216.11444411444413,0.0025
216.11454311454312,0.0025
216.11464211464212,0.0
216.11474111474112,0.0
216.11484011484012,0.0
216.11493911493912,0.0
216.11503811503812,0.0025
216.11513711513712,0.0
216.11523611523612,0.0025
216.11533511533514,0.0025
216.11543411543414,0.0
216.11553311553314,0.0
216.11563211563214,0.0
216.11573111573114,0.0
216.11583011583014,0.0
216.11592911592913,0.0
216.11602811602813,-0.0025
216.11612711612713,0.0
216.11622611622613,-0.0025
216.11632511632513,-0.0025
216.11642411642413,0.0025
216.11652311652313,0.0
216.11662211662212,0.0025
216.11672111672112,0.0025
216.11682011682012,0.0025
216.11691911691912,0.0025
216.11701811701812,0.005
216.11711711711712,0.0025
216.11721611721612,0.0
216.11731511731514,-0.0025
216.11741411741414,0.0025
216.11751311751314,-0.0025
216.11761211761214,0.0
216.11771111771114,0.0025
216.11781011781014,0.0025
216.11790911790914,0.0
216.11800811800813,0.0025
216.11810711810713,0.0025
216.11820611820613,0.005
216.11830511830513,0.0025
216.11840411840413,0.0
216.11850311850313,0.0
216.11860211860213,0.0
216.11870111870113,0.005
216.11880011880012,0.0025
216.11889911889912,0.0
216.11899811899812,0.0
216.11909711909712,-0.0025
216.11919611919615,-0.0025
216.11929511929515,0.0
216.11939411939414,0.0
216.11949311949314,0.0
216.11959211959214,0.0
216.11969111969114,0.0
216.11979011979014,0.0025
216.11988911988914,0.0025
216.11998811998814,0.0
216.12008712008713,0.0
216.12018612018613,0.0025
216.12028512028513,0.0
216.12038412038413,0.0
216.12048312048313,0.0
216.12058212058213,0.0025
216.12068112068113,0.0025
216.12078012078013,0.0
216.12087912087912,0.0
216.12097812097812,0.0
216.12107712107712,-0.0025
216.12117612117615,0.0
216.12127512127515,0.0
216.12137412137415,0.0025
216.12147312147314,0.0
216.12157212157214,0.0025
216.12167112167114,-0.0025
216.12177012177014,0.0025
216.12186912186914,-0.0025
216.12196812196814,0.0
216.12206712206714,-0.0025
216.12216612216613,0.0
216.12226512226513,0.0
216.12236412236413,0.0025
216.12246312246313,0.0
216.12256212256213,-0.0025
216.12266112266113,-0.0025
216.12276012276013,-0.0025
216.12285912285913,-0.0025
216.12295812295812,0.0025
216.12305712305712,0.0025
216.12315612315615,0.0
216.12325512325515,-0.0025
216.12335412335415,0.0
216.12345312345315,0.0025
216.12355212355214,0.0
216.12365112365114,0.0025
216.12375012375014,0.0
216.12384912384914,0.0
216.12394812394814,0.0
216.12404712404714,0.0
216.12414612414614,0.0025
216.12424512424514,0.0025
216.12434412434413,0.0
216.12444312444313,0.0025
216.12454212454213,0.0025
216.12464112464113,0.0
216.12474012474013,0.0
216.12483912483913,0.0
216.12493812493813,0.0
216.12503712503712,0.0025
216.12513612513615,0.0
216.12523512523515,0.0025
216.12533412533415,0.0025
216.12543312543315,0.0
216.12553212553215,0.0
216.12563112563114,0.0025
216.12573012573014,0.0025
216.12582912582914,0.0
216.12592812592814,0.0025
216.12602712602714,0.0
216.12612612612614,0.0
216.12622512622514,0.0025
216.12632412632414,-0.0025
216.12642312642313,0.005
216.12652212652213,0.0025
216.12662112662113,-0.0025
216.12672012672013,0.0025
216.12681912681913,0.0
216.12691812691813,0.0025
216.12701712701715,0.0
216.12711612711615,0.0025
216.12721512721515,0.0025
216.12731412731415,0.0025
216.12741312741315,0.0025
216.12751212751215,0.0025
216.12761112761115,0.0
216.12771012771015,0.005
216.12780912780914,0.0
216.12790812790814,0.0025
216.12800712800714,0.0
216.12810612810614,0.0
216.12820512820514,0.0
216.12830412830414,0.0
216.12840312840314,0.0025
216.12850212850213,0.0025
216.12860112860113,0.0025
216.12870012870013,0.0
216.12879912879913,0.0
216.12889812889813,-0.0025
216.12899712899716,0.0
216.12909612909615,-0.0025
216.12919512919515,0.0025
216.12929412929415,0.0025
216.12939312939315,0.0
216.12949212949215,0.005
216.12959112959115,0.0025
216.12969012969015,0.0025
216.12978912978915,0.0
216.12988812988814,0.0025
216.12998712998714,0.0
216.13008613008614,0.0025
216.13018513018514,0.0
216.13028413028414,0.0025
216.13038313038314,0.0
216.13048213048214,0.0025
216.13058113058113,0.0025
216.13068013068013,0.0025
216.13077913077913,0.0025
216.13087813087813,0.0
216.13097713097716,0.0
216.13107613107616,0.0
216.13117513117516,0.0025
216.13127413127415,0.0
216.13137313137315,0.0
216.13147213147215,0.0025
216.13157113157115,0.0025
216.13167013167015,0.0025
216.13176913176915,0.0025
216.13186813186815,0.0025
216.13196713196714,0.0
216.13206613206614,0.0025
216.13216513216514,0.0
216.13226413226414,0.0025
216.13236313236314,0.0025
216.13246213246214,0.0025
216.13256113256114,0.0025
216.13266013266013,0.0025
216.13275913275913,0.0025
216.13285813285813,0.005
216.13295713295716,0.0
216.13305613305616,0.0025
216.13315513315516,0.0
216.13325413325416,0.0025
216.13335313335315,0.0
216.13345213345215,0.0025
216.13355113355115,0.0025
216.13365013365015,-0.0025
216.13374913374915,0.0
216.13384813384815,0.0
216.13394713394715,0.0
216.13404613404614,-0.0025
216.13414513414514,0.0
216.13424413424414,0.0025
216.13434313434314,-0.0025
216.13444213444214,0.0
216.13454113454114,0.0
216.13464013464014,0.0
216.13473913473914,0.0
216.13483813483816,0.0
216.13493713493716,0.0025
216.13503613503616,-0.0025
216.13513513513516,0.0025
216.13523413523416,0.005
216.13533313533316,0.0025
216.13543213543215,0.0
216.13553113553115,0.0025
216.13563013563015,0.0
216.13572913572915,-0.0025
216.13582813582815,0.0
216.13592713592715,-0.0025
216.13602613602615,-0.0025
216.13612513612514,0.0
216.13622413622414,0.0025
216.13632313632314,-0.0025
216.13642213642214,0.0
216.13652113652114,0.005
216.13662013662014,0.0
216.13671913671914,0.0025
216.13681813681816,0.0025
216.13691713691716,-0.0025
216.13701613701616,0.0
216.13711513711516,0.0
216.13721413721416,0.0
216.13731313731316,-0.0025
216.13741213741216,0.0025
216.13751113751115,0.0
216.13761013761015,-0.0025
216.13770913770915,-0.0025
216.13780813780815,0.0025
216.13790713790715,0.0
216.13800613800615,0.0
216.13810513810515,0.0
216.13820413820415,-0.0025
216.13830313830314,-0.0025
216.13840213840214,-0.0025
216.13850113850114,0.0
216.13860013860014,0.0025
216.13869913869914,0.0
216.13879813879817,-0.0025
216.13889713889716,0.0
216.13899613899616,0.0
216.13909513909516,0.005
216.13919413919416,0.0
216.13929313929316,0.0
216.13939213939216,0.0
216.13949113949116,0.0
216.13959013959015,0.0025
216.13968913968915,0.0025
216.13978813978815,0.0
216.13988713988715,0.0025
216.13998613998615,0.0
216.14008514008515,0.0
216.14018414018415,0.0
216.14028314028315,0.0
216.14038214038214,0.0
216.14048114048114,0.0025
216.14058014058014,0.0025
216.14067914067914,0.0025
216.14077814077817,0.0
216.14087714087717,0.0025
216.14097614097616,0.0
216.14107514107516,0.0
216.14117414117416,0.0
216.14127314127316,0.0
216.14137214137216,0.0025
216.14147114147116,-0.0025
216.14157014157016,0.0
216.14166914166915,0.0
216.14176814176815,-0.0025
216.14186714186715,0.0
216.14196614196615,0.0025
216.14206514206515,0.0
216.14216414216415,0.0
216.14226314226315,0.0025
216.14236214236215,0.0
216.14246114246114,0.0
216.14256014256014,0.0025
216.14265914265917,0.0
216.14275814275817,0.0025
216.14285714285717,0.0
216.14295614295617,0.0025
216.14305514305516,0.0025
216.14315414315416,0.0025
216.14325314325316,0.0025
216.14335214335216,0.0025
216.14345114345116,0.0025
216.14355014355016,0.0
216.14364914364916,0.0
216.14374814374816,0.0025
216.14384714384715,0.0025
216.14394614394615,0.0
216.14404514404515,-0.0025
216.14414414414415,0.0
216.14424314424315,0.0025
216.14434214434215,0.0
216.14444114444115,0.0
216.14454014454014,0.0025
216.14463914463917,0.0
216.14473814473817,0.0
216.14483714483717,0.0
216.14493614493617,0.0
216.14503514503517,0.0
216.14513414513416,0.0
216.14523314523316,0.0
216.14533214533216,0.0025
216.14543114543116,-0.0025
216.14553014553016,0.0025
216.14562914562916,-0.0025
216.14572814572816,-0.0025
216.14582714582716,0.0025
216.14592614592615,0.0025
216.14602514602515,0.0
216.14612414612415,0.0
216.14622314622315,0.0
216.14632214632215,0.0025
216.14642114642115,0.0025
216.14652014652015,0.0025
216.14661914661917,0.0
216.14671814671817,-0.0025
216.14681714681717,0.0025
216.14691614691617,0.0025
216.14701514701517,0.0
216.14711414711417,0.0
216.14721314721317,0.0025
216.14731214731216,0.0025
216.14741114741116,-0.0025
216.14751014751016,0.0
216.14760914760916,0.0
216.14770814770816,0.0025
216.14780714780716,0.0
216.14790614790616,0.0
216.14800514800515,0.0
216.14810414810415,0.0
216.14820314820315,0.0
216.14830214830215,0.0
216.14840114840115,0.0025
216.14850014850018,0.0
216.14859914859917,0.0
216.14869814869817,0.0025
216.14879714879717,0.0025
216.14889614889617,0.0
216.14899514899517,0.0025
216.14909414909417,0.0025
216.14919314919317,0.0025
216.14929214929217,0.0025
216.14939114939116,0.0
216.14949014949016,0.0025
216.14958914958916,0.0
216.14968814968816,0.0025
216.14978714978716,0.0
216.14988614988616,0.0025
216.14998514998516,0.0025
216.15008415008415,0.0025
216.15018315018315,0.0
216.15028215028215,0.0
216.15038115038115,0.0
216.15048015048018,0.0
216.15057915057918,0.0025
216.15067815067817,0.0
216.15077715077717,0.0
216.15087615087617,0.0025
216.15097515097517,0.0025
216.15107415107417,0.0
216.15117315117317,0.0
216.15127215127217,0.0
216.15137115137117,0.0
216.15147015147016,0.0
216.15156915156916,0.0025
216.15166815166816,0.0
216.15176715176716,0.005
216.15186615186616,-0.0025
216.15196515196516,0.005
216.15206415206416,0.005
216.15216315216315,-0.0025
216.15226215226215,-0.0025
216.15236115236115,0.0
216.15246015246018,0.005
216.15255915255918,0.0025
216.15265815265818,0.0
216.15275715275718,0.0
216.15285615285617,-0.0025
216.15295515295517,0.0025
216.15305415305417,0.0
216.15315315315317,0.0025
216.15325215325217,0.005
216.15335115335117,0.005
216.15345015345017,0.0025
216.15354915354916,0.0025
216.15364815364816,0.0
216.15374715374716,0.0
216.15384615384616,0.0025
216.15394515394516,0.0025
216.15404415404416,0.0025
216.15414315414316,0.0025
216.15424215424216,0.0025
216.15434115434115,0.0025
216.15444015444018,0.0025
216.15453915453918,0.0
216.15463815463818,0.0
216.15473715473718,0.0
216.15483615483618,0.0
216.15493515493517,0.0
216.15503415503417,0.0025
216.15513315513317,0.0
216.15523215523217,0.0
216.15533115533117,0.0
216.15543015543017,0.0
216.15552915552917,0.0025
216.15562815562816,0.005
216.15572715572716,0.0025
216.15582615582616,0.0025
216.15592515592516,-0.0025
216.15602415602416,0.0
216.15612315612316,-0.0025
216.15622215622216,-0.0025
216.15632115632118,0.0
216.15642015642018,0.0
216.15651915651918,0.005
216.15661815661818,0.0025
216.15671715671718,-0.0025
216.15681615681618,0.0025
216.15691515691518,0.0025
216.15701415701417,-0.0025
216.15711315711317,-0.0025
216.15721215721217,0.0
216.15731115731117,0.0025
216.15741015741017,0.0
216.15750915750917,0.0
216.15760815760817,0.0025
216.15770715770716,-0.0025
216.15780615780616,-0.0025
216.15790515790516,0.0
216.15800415800416,0.0025
216.15810315810316,0.0
216.15820215820216,-0.0025
216.15830115830119,0.0
216.15840015840018,0.0
216.15849915849918,0.0
216.15859815859818,0.0
216.15869715869718,-0.0025
216.15879615879618,0.0
216.15889515889518,0.0025
216.15899415899418,0.0
216.15909315909317,0.0025
216.15919215919217,0.0
216.15929115929117,0.0025
216.15939015939017,0.0025
216.15948915948917,0.0025
216.15958815958817,0.0025
216.15968715968717,0.0
216.15978615978617,0.0
216.15988515988516,0.0
216.15998415998416,0.0
216.16008316008316,0.0
216.16018216018216,0.0
216.1602811602812,0.0
216.16038016038019,0.0
216.16047916047918,0.0
216.16057816057818,0.0
216.16067716067718,0.0
216.16077616077618,0.0
216.16087516087518,0.0
216.16097416097418,0.0
216.16107316107318,0.0
216.16117216117217,0.0025
216.16127116127117,0.0
216.16137016137017,0.0
216.16146916146917,0.0025
216.16156816156817,0.0
216.16166716166717,0.0
216.16176616176617,0.0
216.16186516186517,0.0
216.16196416196416,0.0025
216.16206316206316,0.0
216.16216216216216,0.0
216.1622611622612,0.0025
216.1623601623602,0.0
216.1624591624592,0.0
216.16255816255818,0.0
216.16265716265718,0.0025
216.16275616275618,0.0
216.16285516285518,-0.0025
216.16295416295418,-0.0025
216.16305316305318,0.0
216.16315216315218,0.005
216.16325116325118,-0.0025
216.16335016335017,0.0
216.16344916344917,0.0025
216.16354816354817,0.0
216.16364716364717,0.0
216.16374616374617,0.0
216.16384516384517,0.005
216.16394416394417,0.0025
216.16404316404316,0.0
216.1641421641422,0.0
216.1642411642412,0.0025
216.1643401643402,0.0
216.1644391644392,0.0
216.1645381645382,0.0
216.16463716463718,0.0
216.16473616473618,0.0025
216.16483516483518,0.0
216.16493416493418,0.0025
216.16503316503318,0.0
216.16513216513218,0.0025
216.16523116523118,0.0025
216.16533016533018,0.0025
216.16542916542917,0.0025
216.16552816552817,0.0
216.16562716562717,0.0025
216.16572616572617,0.0
216.16582516582517,0.0025
216.16592416592417,0.0
216.16602316602317,0.0025
216.1661221661222,0.0
216.1662211662212,0.0025
216.1663201663202,0.0025
216.1664191664192,0.0
216.1665181665182,0.0025
216.1666171666172,0.0025
216.16671616671618,0.0
216.16681516681518,0.0025
216.16691416691418,0.0025
216.16701316701318,0.0
216.16711216711218,0.0
216.16721116721118,0.0025
216.16731016731018,0.0025
216.16740916740918,0.0
216.16750816750817,0.0
216.16760716760717,0.0
216.16770616770617,0.0
216.16780516780517,0.0
216.16790416790417,0.0
216.16800316800317,0.0
216.1681021681022,0.0
216.1682011682012,0.0025
216.1683001683002,0.0025
216.1683991683992,0.0
216.1684981684982,0.0
216.1685971685972,0.0
216.1686961686962,0.0
216.16879516879519,0.0
216.16889416889418,0.0
216.16899316899318,0.0025
216.16909216909218,0.0025
216.16919116919118,0.0025
216.16929016929018,0.0
216.16938916938918,0.0
216.16948816948818,0.0025
216.16958716958717,0.0
216.16968616968617,0.0
216.16978516978517,0.0025
216.16988416988417,0.0025
216.1699831699832,0.0
216.1700821700822,0.0
216.1701811701812,0.0
216.1702801702802,0.0025
216.1703791703792,0.0
216.1704781704782,0.0
216.1705771705772,0.0025
216.1706761706762,0.0
216.1707751707752,0.0025
216.17087417087419,0.0
216.17097317097318,0.0
216.17107217107218,0.0025
216.17117117117118,0.0
216.17127017127018,0.0025
216.17136917136918,0.0
216.17146817146818,0.0
216.17156717156718,0.0025
216.17166617166617,0.0
216.17176517176517,0.0025
216.17186417186417,0.0025
216.1719631719632,0.0
216.1720621720622,0.0025
216.1721611721612,0.0
216.1722601722602,0.0
216.1723591723592,0.0025
216.1724581724582,0.0025
216.1725571725572,0.0025
216.1726561726562,0.0
216.1727551727552,0.0
216.1728541728542,0.0025
216.17295317295319,0.0
216.17305217305218,0.0
216.17315117315118,0.0
216.17325017325018,0.0025
216.17334917334918,0.0025
216.17344817344818,0.0025
216.17354717354718,0.0
216.17364617364618,0.0
216.17374517374517,0.0
216.17384417384417,0.0
216.1739431739432,0.0025
216.1740421740422,0.0
216.1741411741412,0.0
216.1742401742402,0.0
216.1743391743392,0.0
216.1744381744382,0.0
216.1745371745372,0.0
216.1746361746362,0.0
216.1747351747352,0.0
216.1748341748342,0.0
216.1749331749332,0.0025
216.1750321750322,0.0
216.17513117513118,0.0
216.17523017523018,-0.0025
216.17532917532918,0.0
216.17542817542818,0.0
216.17552717552718,0.0
216.17562617562618,0.0
216.17572517572518,0.005
216.17582417582418,-0.0025
216.1759231759232,0.0
216.1760221760222,0.0
216.1761211761212,0.005
216.1762201762202,0.0025
216.1763191763192,0.0025
216.1764181764182,0.0025
216.1765171765172,0.005
216.1766161766162,0.0
216.1767151767152,0.0
216.1768141768142,0.0
216.1769131769132,-0.0025
216.1770121770122,0.0
216.1771111771112,0.0
216.17721017721018,0.0025
216.17730917730918,0.005
216.17740817740818,0.0025
216.17750717750718,0.0
216.17760617760618,0.005
216.17770517770518,0.005
216.1778041778042,-0.0025
216.1779031779032,0.0025
216.1780021780022,0.0025
216.1781011781012,0.0025
216.1782001782002,0.0
216.1782991782992,0.0
216.1783981783982,-0.0025
216.1784971784972,-0.0025
216.1785961785962,-0.0025
216.1786951786952,-0.0025
216.1787941787942,0.0
216.1788931788932,0.0
216.1789921789922,-0.0025
216.1790911790912,-0.0025
216.1791901791902,0.0075
216.17928917928919,-0.0025
216.17938817938818,0.005
216.17948717948718,0.0
216.17958617958618,0.0
216.17968517968518,0.0
216.1797841797842,0.0
216.1798831798832,0.0025
216.1799821799822,0.0025
216.1800811800812,-0.0025
216.1801801801802,0.0025
216.1802791802792,0.0025
216.1803781803782,0.0025
216.1804771804772,0.0025
216.1805761805762,0.0025
216.1806751806752,0.0
216.1807741807742,-0.0025
216.1808731808732,0.0
216.1809721809722,0.0025
216.1810711810712,0.0025
216.1811701811702,-0.0025
216.1812691812692,-0.0025
216.18136818136819,0.0
216.18146718146718,0.0
216.18156618156618,0.0025
216.18166518166518,0.0025
216.1817641817642,-0.0025
216.1818631818632,0.0
216.1819621819622,0.005
216.1820611820612,0.0025
216.1821601821602,-0.0025
216.1822591822592,0.0
216.1823581823582,-0.0025
216.1824571824572,0.0
216.1825561825562,-0.0025
216.1826551826552,-0.0025
216.1827541827542,0.0025
216.1828531828532,0.0025
216.1829521829522,-0.0025
216.1830511830512,0.0
216.1831501831502,0.0
216.1832491832492,0.0025
216.1833481833482,0.005
216.18344718344719,0.0025
216.18354618354618,0.005
216.18364518364518,0.0025
216.1837441837442,0.0025
216.1838431838432,-0.0025
216.1839421839422,0.0025
216.1840411840412,0.0025
216.1841401841402,0.0
216.1842391842392,0.0025
216.1843381843382,0.0
216.1844371844372,0.0
216.1845361845362,0.0
216.1846351846352,0.0
216.1847341847342,0.0
216.1848331848332,0.0025
216.1849321849322,0.0
216.1850311850312,-0.0025
216.1851301851302,0.0
216.1852291852292,0.0
216.1853281853282,0.0025
216.1854271854272,0.005
216.1855261855262,0.0
216.1856251856252,0.0
216.1857241857242,-0.0025
216.1858231858232,0.0
216.1859221859222,0.0
216.1860211860212,0.0
216.1861201861202,0.0025
216.1862191862192,0.0
216.1863181863182,0.0
216.1864171864172,-0.0025
216.1865161865162,0.0
216.1866151866152,-0.0025
216.1867141867142,0.0025
216.1868131868132,0.0
216.1869121869122,0.0
216.1870111870112,0.0025
216.1871101871102,0.0
216.1872091872092,0.0
216.1873081873082,0.0025
216.1874071874072,-0.0025
216.1875061875062,0.0025
216.18760518760521,0.0025
216.1877041877042,0.0
216.1878031878032,0.0025
216.1879021879022,0.0025
216.1880011880012,0.005
216.1881001881002,0.0025
216.1881991881992,0.0025
216.1882981882982,0.0025
216.1883971883972,0.005
216.1884961884962,-0.0025
216.1885951885952,0.0025
216.1886941886942,0.0
216.1887931887932,0.0
216.1888921888922,-0.0025
216.1889911889912,0.0
216.1890901890902,0.0
216.1891891891892,0.0
216.1892881892882,0.0025
216.1893871893872,0.0
216.1894861894862,0.0025
216.18958518958522,0.0
216.18968418968421,0.0
216.1897831897832,0.0
216.1898821898822,0.0
216.1899811899812,0.0
216.1900801900802,0.0025
216.1901791901792,0.0
216.1902781902782,0.0025
216.1903771903772,0.0
216.1904761904762,0.0
216.1905751905752,0.0
216.1906741906742,0.0
216.1907731907732,0.0
216.1908721908722,0.0025
216.1909711909712,0.0025
216.1910701910702,0.0
216.1911691911692,0.0
216.1912681912682,0.0
216.1913671913672,0.005
216.19146619146622,0.005
216.19156519156522,0.0
216.19166419166422,0.0
216.19176319176321,0.0
216.1918621918622,0.0025
216.1919611919612,0.0025
216.1920601920602,0.0
216.1921591921592,0.0025
216.1922581922582,0.0
216.1923571923572,0.0
216.1924561924562,0.0025
216.1925551925552,0.0
216.1926541926542,-0.0025
216.1927531927532,0.0
216.1928521928522,0.0
216.1929511929512,0.0
216.1930501930502,0.0
216.1931491931492,0.0
216.1932481932482,0.0025
216.1933471933472,-0.0025
216.19344619344622,0.0
216.19354519354522,0.0
216.19364419364422,0.0025
216.19374319374322,-0.0025
216.19384219384222,0.0
216.1939411939412,0.0
216.1940401940402,0.0
216.1941391941392,-0.0025
216.1942381942382,0.0
216.1943371943372,-0.0025
216.1944361944362,0.0025
216.1945351945352,0.005
216.1946341946342,0.0
216.1947331947332,0.0
216.1948321948322,0.0
216.1949311949312,0.0
216.1950301950302,0.005
216.1951291951292,-0.0025
216.1952281952282,0.0025
216.1953271953272,0.0025
216.19542619542622,0.0
216.19552519552522,0.0
216.19562419562422,0.0025
216.19572319572322,0.0025
216.19582219582222,0.0025
216.19592119592122,0.005
216.1960201960202,0.0025
216.1961191961192,0.0
216.1962181962182,0.005
216.1963171963172,0.005
216.1964161964162,0.0
216.1965151965152,0.0
216.1966141966142,0.0
216.1967131967132,0.0025
216.1968121968122,0.0
216.1969111969112,-0.0025
216.1970101970102,0.0
216.1971091971092,0.0025
216.1972081972082,0.0
216.1973071973072,0.0025
216.19740619740622,0.0
216.19750519750522,0.0025
216.19760419760422,0.0
216.19770319770322,0.0
216.19780219780222,0.0025
216.19790119790122,0.0025
216.19800019800022,0.0
216.19809919809921,0.0
216.1981981981982,0.0
216.1982971982972,0.0
216.1983961983962,0.0025
216.1984951984952,0.0
216.1985941985942,0.0025
216.1986931986932,0.0025
216.1987921987922,0.0
216.1988911988912,0.0
216.1989901989902,0.0025
216.1990891990892,0.0
216.1991881991882,0.0025
216.19928719928723,0.0
216.19938619938623,0.0
216.19948519948522,0.0
216.19958419958422,0.0025
216.19968319968322,0.0025
216.19978219978222,0.0
216.19988119988122,-0.0025
216.19998019998022,0.0
216.20007920007922,0.0
216.20017820017821,0.0
216.2002772002772,-0.0025
216.2003762003762,-0.0025
216.2004752004752,0.0
216.2005742005742,0.0025
216.2006732006732,0.0
216.2007722007722,-0.0025
216.2008712008712,0.0
216.2009702009702,-0.0025
216.2010692010692,0.0025
216.2011682011682,0.0025
216.20126720126723,0.0
216.20136620136623,0.0025
216.20146520146523,-0.0025
216.20156420156422,0.0
216.20166320166322,0.0
216.20176220176222,0.0025
216.20186120186122,0.0
216.20196020196022,0.0025
216.20205920205922,0.0
216.20215820215822,0.0025
216.20225720225721,0.0025
216.2023562023562,0.0
216.2024552024552,0.0
216.2025542025542,0.0
216.2026532026532,0.0025
216.2027522027522,0.0
216.2028512028512,0.0025
216.2029502029502,0.0025
216.2030492030492,0.0
216.2031482031482,0.0
216.20324720324723,0.0
216.20334620334623,0.0025
216.20344520344523,0.0025
216.20354420354423,0.0
216.20364320364322,0.0025
216.20374220374222,0.0025
216.20384120384122,0.0
216.20394020394022,0.0
216.20403920403922,0.0
216.20413820413822,0.0
216.20423720423722,0.0
216.20433620433622,0.0
216.2044352044352,0.0
216.2045342045342,0.0
216.2046332046332,0.0025
216.2047322047322,0.0
216.2048312048312,0.0025
216.2049302049302,0.0
216.2050292050292,0.0
216.2051282051282,0.0
216.20522720522723,0.0025
216.20532620532623,0.0025
216.20542520542523,0.0025
216.20552420552423,0.0
216.20562320562323,0.0025
216.20572220572222,0.0
216.20582120582122,0.0
216.20592020592022,0.0
216.20601920601922,0.0025
216.20611820611822,0.0025
216.20621720621722,0.0025
216.20631620631622,0.0025
216.20641520641522,0.0
216.2065142065142,0.0025
216.2066132066132,0.0
216.2067122067122,0.0025
216.2068112068112,0.0
216.2069102069102,0.0025
216.2070092070092,0.0
216.20710820710823,0.0025
216.20720720720723,0.0
216.20730620730623,0.0025
216.20740520740523,0.0
216.20750420750423,0.0
216.20760320760323,0.0025
216.20770220770223,0.005
216.20780120780123,0.0
216.20790020790022,0.0
216.20799920799922,0.0025
216.20809820809822,0.0025
216.20819720819722,-0.0025
216.20829620829622,-0.0025
216.20839520839522,0.0
216.20849420849422,0.0
216.20859320859321,0.005
216.2086922086922,0.0
216.2087912087912,0.0
216.2088902088902,0.0
216.2089892089892,-0.0025
216.20908820908824,0.0
216.20918720918723,-0.0025
216.20928620928623,0.0025
216.20938520938523,0.0025
216.20948420948423,0.0025
216.20958320958323,0.0025
216.20968220968223,0.0
216.20978120978123,0.0
216.20988020988023,0.005
216.20997920997922,0.0025
216.21007821007822,0.0
216.21017721017722,0.0
216.21027621027622,0.0
216.21037521037522,0.0
216.21047421047422,0.0
216.21057321057322,0.0025
216.21067221067221,0.0
216.2107712107712,0.0
216.2108702108702,0.0
216.2109692109692,0.0
216.21106821106824,0.0
216.21116721116724,0.0
216.21126621126623,0.0
216.21136521136523,0.0025
216.21146421146423,0.0025
216.21156321156323,0.0
216.21166221166223,0.005
216.21176121176123,0.0
216.21186021186023,0.005
216.21195921195923,0.0025
216.21205821205822,0.0025
216.21215721215722,0.005
216.21225621225622,0.0025
216.21235521235522,0.0025
216.21245421245422,0.005
216.21255321255322,0.0025
216.21265221265222,0.005
216.21275121275121,0.0025
216.2128502128502,0.0025
216.21294921294924,0.0
216.21304821304824,0.0
216.21314721314724,-0.0025
216.21324621324624,0.0
216.21334521334524,0.0
216.21344421344423,0.0
216.21354321354323,0.0
216.21364221364223,0.0
216.21374121374123,0.0025
216.21384021384023,-0.0025
216.21393921393923,-0.0025
216.21403821403823,0.0
216.21413721413722,0.0
216.21423621423622,-0.0025
216.21433521433522,-0.0025
216.21443421443422,0.0
216.21453321453322,0.0
216.21463221463222,0.0
216.21473121473122,0.0
216.21483021483022,0.0
216.21492921492924,0.0
216.21502821502824,0.0025
216.21512721512724,0.0025
216.21522621522624,0.0
216.21532521532524,0.0025
216.21542421542424,0.0025
216.21552321552323,0.0025
216.21562221562223,0.0025
216.21572121572123,0.0025
216.21582021582023,0.0
216.21591921591923,0.0
216.21601821601823,-0.0025
216.21611721611723,0.0025
216.21621621621622,0.0025
216.21631521631522,0.0025
216.21641421641422,0.0025
216.21651321651322,0.0025
216.21661221661222,0.0025
216.21671121671122,0.0025
216.21681021681022,0.0
216.21690921690924,0.0025
216.21700821700824,0.0
216.21710721710724,0.0025
216.21720621720624,0.0025
216.21730521730524,0.0025
216.21740421740424,0.0025
216.21750321750324,0.0025
216.21760221760223,0.0025
216.21770121770123,0.0025
216.21780021780023,0.0025
216.21789921789923,0.0025
216.21799821799823,0.0
216.21809721809723,0.005
216.21819621819623,0.0025
216.21829521829522,0.0
216.21839421839422,0.005
216.21849321849322,0.0
216.21859221859222,0.0
216.21869121869122,0.0
216.21879021879022,0.0025
216.21888921888925,0.0
216.21898821898824,0.0025
216.21908721908724,0.0
216.21918621918624,0.005
216.21928521928524,0.005
216.21938421938424,0.0
216.21948321948324,0.0
216.21958221958224,0.0025
216.21968121968123,0.0
216.21978021978023,0.0025
216.21987921987923,0.0
216.21997821997823,0.0025
216.22007722007723,0.0
216.22017622017623,0.0
216.22027522027523,0.0025
216.22037422037423,-0.0025
216.22047322047322,0.0
216.22057222057222,0.0
216.22067122067122,0.0025
216.22077022077025,0.0025
216.22086922086925,0.0
216.22096822096825,0.0
216.22106722106724,0.0
216.22116622116624,0.0
216.22126522126524,0.0
216.22136422136424,0.0025
216.22146322146324,0.0025
216.22156222156224,0.0025
216.22166122166124,0.0
216.22176022176023,0.0025
216.22185922185923,0.0025
216.22195822195823,0.0
216.22205722205723,0.0025
216.22215622215623,0.0
216.22225522225523,0.0
216.22235422235423,0.0025
216.22245322245323,0.0025
216.22255222255222,0.0
216.22265122265122,0.0
216.22275022275025,0.0
216.22284922284925,0.0
216.22294822294825,0.0025
216.22304722304725,0.0
216.22314622314624,0.0
216.22324522324524,0.0025
216.22334422334424,0.0
216.22344322344324,0.0025
216.22354222354224,0.0025
216.22364122364124,0.0
216.22374022374024,0.0
216.22383922383924,0.0
216.22393822393823,0.0
216.22403722403723,0.0
216.22413622413623,0.0
216.22423522423523,0.0
216.22433422433423,0.0
216.22443322443323,0.0025
216.22453222453223,0.0025
216.22463122463122,0.0025
216.22473022473025,0.0
216.22482922482925,0.0
216.22492822492825,0.0
216.22502722502725,0.0
216.22512622512625,0.0025
216.22522522522524,0.0
216.22532422532424,0.0
216.22542322542324,0.0
216.22552222552224,0.0025
216.22562122562124,0.0
216.22572022572024,0.0025
216.22581922581924,0.0
216.22591822591824,0.0
216.22601722601723,0.0
216.22611622611623,0.0025
216.22621522621523,0.0025
216.22631422631423,0.0
216.22641322641323,0.0025
216.22651222651223,0.0
216.22661122661123,0.0025
216.22671022671025,0.0
216.22680922680925,0.0025
216.22690822690825,0.0025
216.22700722700725,0.0025
216.22710622710625,0.0
216.22720522720525,-0.0025
216.22730422730424,0.0025
216.22740322740324,-0.0025
216.22750222750224,0.0
216.22760122760124,0.0
216.22770022770024,0.0
216.22779922779924,0.0025
216.22789822789824,0.0
216.22799722799724,0.0
216.22809622809623,0.0025
216.22819522819523,0.0
216.22829422829423,0.0
216.22839322839323,0.0025
216.22849222849223,0.0025
216.22859122859126,0.0
216.22869022869025,0.0
216.22878922878925,0.0025
216.22888822888825,0.0
216.22898722898725,0.0
216.22908622908625,0.0025
216.22918522918525,-0.0025
216.22928422928425,0.0
216.22938322938325,0.0025
216.22948222948224,0.0
216.22958122958124,0.0025
216.22968022968024,0.0
216.22977922977924,0.0
216.22987822987824,0.0025
216.22997722997724,0.0025
216.23007623007624,0.0
216.23017523017523,0.0025
216.23027423027423,0.0
216.23037323037323,0.0
216.23047223047223,0.0
216.23057123057126,0.0
216.23067023067026,0.0025
216.23076923076925,0.0025
216.23086823086825,0.0
216.23096723096725,0.0
216.23106623106625,0.0025
216.23116523116525,0.0
216.23126423126425,0.005
216.23136323136325,0.0025
216.23146223146225,0.0
216.23156123156124,0.0
216.23166023166024,0.0
216.23175923175924,0.0025
216.23185823185824,0.0025
216.23195723195724,0.0
216.23205623205624,0.0
216.23215523215524,-0.0025
216.23225423225423,0.0
216.23235323235323,-0.0025
216.23245223245223,0.0025
216.23255123255126,0.005
216.23265023265026,0.005
216.23274923274926,0.0
216.23284823284826,-0.0025
216.23294723294725,0.0025
216.23304623304625,0.0
216.23314523314525,0.005
216.23324423324425,-0.0025
216.23334323334325,-0.0025
216.23344223344225,0.0025
216.23354123354125,0.0
216.23364023364024,0.0
216.23373923373924,0.005
216.23383823383824,-0.0025
216.23393723393724,0.0
216.23403623403624,0.0025
216.23413523413524,0.005
216.23423423423424,-0.0025
216.23433323433323,0.0
216.23443223443226,0.005
216.23453123453126,0.0025
216.23463023463026,0.0025
216.23472923472926,-0.0025
216.23482823482826,0.0025
216.23492723492726,0.005
216.23502623502625,0.005
216.23512523512525,0.0
216.23522423522425,0.0
216.23532323532325,-0.0025
216.23542223542225,0.0025
216.23552123552125,0.0
216.23562023562025,0.0025
216.23571923571924,0.0
216.23581823581824,-0.0025
216.23591723591724,0.0
216.23601623601624,-0.0025
216.23611523611524,0.0025
216.23621423621424,-0.0025
216.23631323631324,-0.0025
216.23641223641226,0.0025
216.23651123651126,0.0025
216.23661023661026,0.0
216.23670923670926,0.0
216.23680823680826,0.0
216.23690723690726,0.0
216.23700623700626,0.0
216.23710523710525,0.0
216.23720423720425,0.0025
216.23730323730325,0.0
216.23740223740225,0.0025
216.23750123750125,0.0025
216.23760023760025,0.0
216.23769923769925,0.0025
216.23779823779824,0.0025
216.23789723789724,0.0025
216.23799623799624,0.0
216.23809523809524,0.0
216.23819423819424,0.0
216.23829323829324,0.0025
216.23839223839227,0.0025
216.23849123849126,-0.0025
216.23859023859026,0.0
216.23868923868926,0.0
216.23878823878826,0.0025
216.23888723888726,0.0
216.23898623898626,-0.0025
216.23908523908526,-0.0025
216.23918423918425,0.0025
216.23928323928325,0.0025
216.23938223938225,0.0075
216.23948123948125,0.0
216.23958023958025,0.0
216.23967923967925,0.0
216.23977823977825,-0.0025
216.23987723987725,0.0
216.23997623997624,0.0025
216.24007524007524,0.0
216.24017424017424,0.0
216.24027324027324,0.0
216.24037224037227,0.0025
216.24047124047127,0.0025
216.24057024057026,0.0025
216.24066924066926,0.0025
216.24076824076826,0.0025
216.24086724086726,0.0025
216.24096624096626,0.0
216.24106524106526,0.0025
216.24116424116426,0.0025
216.24126324126325,0.0025
216.24136224136225,0.0025
216.24146124146125,0.0
216.24156024156025,0.0
216.24165924165925,0.0025
216.24175824175825,0.0025
216.24185724185725,0.0
216.24195624195625,0.0
216.24205524205524,0.0
216.24215424215424,0.0025
216.24225324225327,0.0
216.24235224235227,0.0
216.24245124245127,0.0
216.24255024255027,0.0025
216.24264924264926,0.0
216.24274824274826,0.0
216.24284724284726,0.0025
216.24294624294626,0.0025
216.24304524304526,0.0025
216.24314424314426,0.0025
216.24324324324326,0.0
216.24334224334225,0.0
216.24344124344125,0.0
216.24354024354025,0.0
216.24363924363925,0.0025
216.24373824373825,0.0
216.24383724383725,-0.0025
216.24393624393625,0.0
216.24403524403525,-0.0025
216.24413424413424,-0.0025
216.24423324423327,0.0
216.24433224433227,0.0
216.24443124443127,0.0
216.24453024453027,0.0
216.24462924462927,-0.0025
216.24472824472826,-0.0025
216.24482724482726,0.0
216.24492624492626,-0.0025
216.24502524502526,0.005
216.24512424512426,0.005
216.24522324522326,0.0025
216.24532224532226,0.0
216.24542124542126,0.0025
216.24552024552025,0.0025
216.24561924561925,0.0025
216.24571824571825,0.0025
216.24581724581725,0.0
216.24591624591625,0.0
216.24601524601525,0.0025
216.24611424611425,-0.0025
216.24621324621327,0.0
216.24631224631227,-0.0025
216.24641124641127,0.0025
216.24651024651027,0.005
216.24660924660927,0.005
216.24670824670827,0.0025
216.24680724680726,0.0
216.24690624690626,0.0025
216.24700524700526,0.0025
216.24710424710426,0.0
216.24720324720326,0.0
216.24730224730226,0.005
216.24740124740126,0.0025
216.24750024750026,0.0025
216.24759924759925,0.0025
216.24769824769825,0.0
216.24779724779725,0.0
216.24789624789625,-0.0025
216.24799524799525,0.0
216.24809424809425,0.0
216.24819324819327,0.0
216.24829224829227,-0.0025
216.24839124839127,0.0025
216.24849024849027,0.0025
216.24858924858927,0.0025
216.24868824868827,0.0
216.24878724878727,-0.0025
216.24888624888627,0.0
216.24898524898526,0.0
216.24908424908426,0.0025
216.24918324918326,-0.0025
216.24928224928226,0.0
216.24938124938126,0.0
216.24948024948026,0.0
216.24957924957926,0.0
216.24967824967825,0.0
216.24977724977725,0.0
216.24987624987625,0.0
216.24997524997525,0.0
216.25007425007428,0.0
216.25017325017328,0.0
216.25027225027227,0.0025
216.25037125037127,0.0
216.25047025047027,0.0
216.25056925056927,0.0
216.25066825066827,0.0
216.25076725076727,-0.0025
216.25086625086627,0.0
216.25096525096527,0.0025
216.25106425106426,0.0025
216.25116325116326,0.0
216.25126225126226,0.0
216.25136125136126,0.0
216.25146025146026,0.0025
216.25155925155926,0.0
216.25165825165826,0.0
216.25175725175725,0.0
216.25185625185625,0.0025
216.25195525195525,0.0025
216.25205425205428,0.0
216.25215325215328,0.0
216.25225225225228,-0.0025
216.25235125235127,0.0025
216.25245025245027,0.0
216.25254925254927,0.0025
216.25264825264827,0.0025
216.25274725274727,0.0
216.25284625284627,0.0
216.25294525294527,0.0
216.25304425304427,0.0
216.25314325314326,0.0
216.25324225324226,0.0
216.25334125334126,0.0
216.25344025344026,0.0025
216.25353925353926,0.0025
216.25363825363826,0.0025
216.25373725373726,0.0
216.25383625383625,0.0
216.25393525393525,0.0
216.25403425403428,0.0025
216.25413325413328,0.0
216.25423225423228,0.0025
216.25433125433128,0.0
216.25443025443028,0.0025
216.25452925452927,-0.0025
216.25462825462827,0.0
216.25472725472727,0.0025
216.25482625482627,0.0025
216.25492525492527,0.0025
216.25502425502427,0.0
216.25512325512327,0.0025
216.25522225522226,-0.0025
216.25532125532126,0.0
216.25542025542026,0.0025
216.25551925551926,-0.0025
216.25561825561826,-0.0025
216.25571725571726,0.0
216.25581625581626,0.0
216.25591525591528,-0.0025
216.25601425601428,0.0
216.25611325611328,-0.0025
216.25621225621228,0.0
216.25631125631128,0.0025
216.25641025641028,-0.0025
216.25650925650928,0.0025
216.25660825660827,0.0025
216.25670725670727,0.0025
216.25680625680627,0.0025
216.25690525690527,0.0025
216.25700425700427,0.0
216.25710325710327,0.0
216.25720225720227,0.0
216.25730125730126,0.0025
216.25740025740026,0.0
216.25749925749926,0.0025
216.25759825759826,0.0
216.25769725769726,0.0025
216.25779625779626,0.0025
216.25789525789529,0.0
216.25799425799428,0.0
216.25809325809328,0.0025
216.25819225819228,0.0025
216.25829125829128,0.0025
216.25839025839028,0.0025
216.25848925848928,0.0
216.25858825858828,0.0
216.25868725868727,0.0
216.25878625878627,0.0025
216.25888525888527,0.0
216.25898425898427,0.0
216.25908325908327,0.0025
216.25918225918227,0.0
216.25928125928127,0.0
216.25938025938026,0.0025
216.25947925947926,0.0025
216.25957825957826,0.0025
216.25967725967726,0.0025
216.25977625977626,0.0
216.2598752598753,-0.0025
216.25997425997429,0.0
216.26007326007328,0.0
216.26017226017228,0.0025
216.26027126027128,0.0025
216.26037026037028,0.0
216.26046926046928,0.0
216.26056826056828,0.0025
216.26066726066728,0.0025
216.26076626076627,0.0
216.26086526086527,0.0
216.26096426096427,0.0
216.26106326106327,0.0025
216.26116226116227,0.0025
216.26126126126127,0.0
216.26136026136027,0.0
216.26145926145927,0.0025
216.26155826155826,0.0
216.26165726165726,0.0025
216.26175626175626,0.0
216.2618552618553,0.0
216.2619542619543,0.0
216.26205326205329,0.0
216.26215226215228,0.0
216.26225126225128,0.0
216.26235026235028,0.0025
216.26244926244928,0.0
216.26254826254828,0.0
216.26264726264728,0.0
216.26274626274628,0.0
216.26284526284527,0.0025
216.26294426294427,0.0025
216.26304326304327,0.0
216.26314226314227,0.0
216.26324126324127,0.0
216.26334026334027,0.0
216.26343926343927,0.0025
216.26353826353827,0.0
216.26363726363726,0.0025
216.2637362637363,0.0025
216.2638352638353,0.0
216.2639342639343,0.0025
216.2640332640333,0.005
216.2641322641323,0.0025
216.26423126423128,-0.0025
216.26433026433028,0.0
216.26442926442928,0.0025
216.26452826452828,0.0
216.26462726462728,0.0
216.26472626472628,0.005
216.26482526482528,0.0
216.26492426492428,0.0025
216.26502326502327,0.005
216.26512226512227,-0.0025
216.26522126522127,0.0025
216.26532026532027,0.0025
216.26541926541927,0.0025
216.26551826551827,-0.0025
216.26561726561727,0.0
216.2657162657163,0.0
216.2658152658153,0.0025
216.2659142659143,0.0
216.2660132660133,0.0025
216.2661122661123,0.0025
216.2662112662113,0.0
216.26631026631028,0.0025
216.26640926640928,0.0
216.26650826650828,0.0
216.26660726660728,0.0025
216.26670626670628,0.0
216.26680526680528,0.0
216.26690426690428,0.0025
216.26700326700328,0.0
216.26710226710227,0.0025
216.26720126720127,0.0025
216.26730026730027,0.0025
216.26739926739927,0.005
216.26749826749827,-0.0025
216.26759726759727,0.0
216.2676962676963,0.0
216.2677952677953,0.0
216.2678942678943,-0.0025
216.2679932679933,0.0025
216.2680922680923,0.0
216.2681912681913,0.0025
216.2682902682903,0.0
216.26838926838929,0.0
216.26848826848828,0.0
216.26858726858728,0.0
216.26868626868628,0.0025
216.26878526878528,0.0025
216.26888426888428,0.0025
216.26898326898328,0.0025
216.26908226908228,0.0025
216.26918126918127,0.0025
216.26928026928027,0.0025
216.26937926937927,0.0025
216.26947826947827,0.0
216.26957726957727,0.0
216.2696762696763,0.0
216.2697752697753,0.0025
216.2698742698743,0.0025
216.2699732699733,0.0025
216.2700722700723,0.0
216.2701712701713,0.0
216.2702702702703,-0.0025
216.2703692703693,0.0
216.27046827046829,-0.0025
216.27056727056728,0.0025
216.27066627066628,-0.0025
216.27076527076528,0.0025
216.27086427086428,0.0
216.27096327096328,-0.0025
216.27106227106228,0.0
216.27116127116128,0.0
216.27126027126027,0.0
216.27135927135927,0.0025
216.27145827145827,0.0
216.2715572715573,0.0025
216.2716562716563,0.0
216.2717552717553,0.0025
216.2718542718543,0.0
216.2719532719533,0.0025
216.2720522720523,0.0
216.2721512721513,0.0
216.2722502722503,0.0
216.2723492723493,0.0
216.2724482724483,0.0025
216.27254727254729,0.0025
216.27264627264628,0.0
216.27274527274528,0.0
216.27284427284428,0.0
216.27294327294328,0.0
216.27304227304228,0.0
216.27314127314128,0.0025
216.27324027324028,0.0
216.27333927333927,0.0025
216.27343827343827,0.0025
216.2735372735373,0.0025
216.2736362736363,0.0025
216.2737352737353,0.0025
216.2738342738343,0.0025
216.2739332739333,0.0
216.2740322740323,0.0025
216.2741312741313,0.0025
216.2742302742303,0.0025
216.2743292743293,0.005
216.2744282744283,0.0025
216.2745272745273,0.0
216.27462627462629,0.0025
216.27472527472528,0.0
216.27482427482428,0.0
216.27492327492328,0.0025
216.27502227502228,0.0025
216.27512127512128,0.0025
216.27522027522028,0.0025
216.27531927531928,0.0025
216.27541827541828,0.0025
216.2755172755173,0.0025
216.2756162756163,0.0
216.2757152757153,0.0
216.2758142758143,0.0
216.2759132759133,0.0
216.2760122760123,0.005
216.2761112761113,0.0
216.2762102762103,0.0025
216.2763092763093,0.0025
216.2764082764083,0.0
216.2765072765073,0.0025
216.2766062766063,0.0025
216.2767052767053,0.0025
216.27680427680428,0.0025
216.27690327690328,0.0
216.27700227700228,0.0025
216.27710127710128,0.0025
216.27720027720028,0.0025
216.27729927729928,0.0025
216.27739827739828,0.0025
216.2774972774973,0.0
216.2775962775963,0.0025
216.2776952776953,0.0
216.2777942777943,0.0
216.2778932778933,0.0025
216.2779922779923,0.0025
216.2780912780913,0.0025
216.2781902781903,0.0025
216.2782892782893,0.0025
216.2783882783883,0.0025
216.2784872784873,0.0025
216.2785862785863,-0.005
216.2786852786853,-0.0025
216.2787842787843,0.0075
216.27888327888328,-0.0025
216.27898227898228,0.0075
216.27908127908128,0.0
216.27918027918028,0.0025
216.27927927927928,0.0
216.2793782793783,0.0
216.2794772794773,0.0025
216.2795762795763,0.0025
216.2796752796753,0.0
216.2797742797743,0.0
216.2798732798733,0.0025
216.2799722799723,0.0
216.2800712800713,0.0
216.2801702801703,0.0
216.2802692802693,0.0
216.2803682803683,0.0
216.2804672804673,0.0
216.2805662805663,0.0
216.2806652806653,0.0025
216.2807642807643,0.0025
216.2808632808633,0.0025
216.28096228096229,0.0
216.28106128106128,0.0
216.28116028116028,0.0
216.28125928125928,0.0025
216.2813582813583,0.0025
216.2814572814573,0.0025
216.2815562815563,0.0
216.2816552816553,0.0
216.2817542817543,0.0
216.2818532818533,0.0
216.2819522819523,0.0
216.2820512820513,0.0025
216.2821502821503,0.0
216.2822492822493,0.0025
216.2823482823483,-0.0025
216.2824472824473,0.0025
216.2825462825463,0.0025
216.2826452826453,0.0025
216.2827442827443,0.0
216.2828432828433,-0.0025
216.2829422829423,-0.0025
216.28304128304129,0.0
216.28314028314028,0.0
216.28323928323928,-0.0025
216.2833382833383,0.0
216.2834372834373,0.0
216.2835362835363,0.0025
216.2836352836353,0.005
216.2837342837343,0.0
216.2838332838333,0.0
216.2839322839323,0.0
216.2840312840313,0.0025
216.2841302841303,0.0
216.2842292842293,0.0
216.2843282843283,-0.0025
216.2844272844273,0.0
216.2845262845263,-0.0025
216.2846252846253,0.0
216.2847242847243,0.0025
216.2848232848233,0.0
216.2849222849223,0.0025
216.2850212850213,0.0
216.28512028512029,0.0025
216.2852192852193,0.0
216.2853182853183,0.0
216.2854172854173,0.0025
216.2855162855163,0.0
216.2856152856153,0.0
216.2857142857143,0.0025
216.2858132858133,0.0
216.2859122859123,0.0025
216.2860112860113,0.0025
216.2861102861103,0.0
216.2862092862093,0.0
216.2863082863083,0.0025
216.2864072864073,0.0
216.2865062865063,0.0
216.2866052866053,0.0
216.2867042867043,0.0025
216.2868032868033,0.0
216.2869022869023,0.0025
216.2870012870013,0.0
216.2871002871003,0.0025
216.28719928719931,0.0
216.2872982872983,0.0
216.2873972873973,0.005
216.2874962874963,-0.0025
216.2875952875953,0.0
216.2876942876943,0.0025
216.2877932877933,0.0025
216.2878922878923,0.0025
216.2879912879913,0.0025
216.2880902880903,0.0025
216.2881892881893,0.0025
216.2882882882883,0.0025
216.2883872883873,-0.0025
216.2884862884863,0.0
216.2885852885853,0.0
216.2886842886843,0.0025
216.2887832887833,0.0
216.2888822888823,0.0
216.2889812889813,0.0
216.2890802890803,-0.0025
216.28917928917932,0.0
216.28927828927831,-0.0025
216.2893772893773,0.0
216.2894762894763,0.0
216.2895752895753,0.0025
216.2896742896743,0.0
216.2897732897733,0.0
216.2898722898723,0.0
216.2899712899713,0.0025
216.2900702900703,0.005
216.2901692901693,0.0025
216.2902682902683,0.0
216.2903672903673,0.005
216.2904662904663,0.005
216.2905652905653,0.0025
216.2906642906643,0.0025
216.2907632907633,-0.0025
216.2908622908623,-0.0025
216.2909612909613,0.0
216.2910602910603,-0.0025
216.29115929115932,0.005
216.29125829125832,0.0
216.29135729135731,0.0
216.2914562914563,0.0025
216.2915552915553,0.0025
216.2916542916543,0.0
216.2917532917533,0.0
216.2918522918523,0.005
216.2919512919513,0.0025
216.2920502920503,0.0
216.2921492921493,0.0
216.2922482922483,0.0
216.2923472923473,0.0
216.2924462924463,0.0
216.2925452925453,0.0025
216.2926442926443,0.0025
216.2927432927433,0.0
216.2928422928423,0.0025
216.2929412929413,0.0025
216.29304029304032,0.0
216.29313929313932,0.005
216.29323829323832,0.0025
216.29333729333732,0.0025
216.29343629343632,0.0
216.2935352935353,0.0025
216.2936342936343,0.0025
216.2937332937333,0.0025
216.2938322938323,0.0025
216.2939312939313,0.0025
216.2940302940303,0.0025
216.2941292941293,0.0025
216.2942282942283,0.0025
216.2943272943273,0.0025
216.2944262944263,0.0
216.2945252945253,0.0025
216.2946242946243,0.0
216.2947232947233,0.0025
216.2948222948223,0.0025
216.2949212949213,0.0
216.29502029502032,0.0
216.29511929511932,0.0
216.29521829521832,0.0
216.29531729531732,0.0025
216.29541629541632,0.0
216.29551529551532,0.0
216.2956142956143,0.0025
216.2957132957133,0.0
216.2958122958123,0.0025
216.2959112959113,0.0
216.2960102960103,0.0025
216.2961092961093,0.0
216.2962082962083,0.0
216.2963072963073,0.0
216.2964062964063,0.0
216.2965052965053,0.0
216.2966042966043,0.0025
216.2967032967033,0.0025
216.2968022968023,0.0
216.2969012969013,0.0
216.29700029700032,0.0025
216.29709929709932,0.0
216.29719829719832,0.0025
216.29729729729732,-0.0025
216.29739629739632,0.0025
216.29749529749532,0.005
216.29759429759432,0.0025
216.2976932976933,0.0
216.2977922977923,0.0025
216.2978912978913,0.0
216.2979902979903,0.0
216.2980892980893,0.005
216.2981882981883,0.005
216.2982872982873,0.0
216.2983862983863,0.005
216.2984852984853,0.0025
216.2985842985843,0.0025
216.2986832986833,0.0025
216.2987822987823,0.005
216.2988812988813,0.0
216.29898029898033,-0.0025
216.29907929907932,0.0025
216.29917829917832,0.0
216.29927729927732,0.0025
216.29937629937632,0.0
216.29947529947532,0.0
216.29957429957432,0.0
216.29967329967332,-0.0025
216.29977229977231,0.0
216.2998712998713,0.0075
216.2999702999703,0.005
216.3000693000693,-0.005
216.3001683001683,0.0025
216.3002673002673,0.0025
216.3003663003663,0.0025
216.3004653004653,-0.0025
216.3005643005643,0.0025
216.3006633006633,0.005
216.3007623007623,0.005
216.30086130086133,-0.0025
216.30096030096033,0.0
216.30105930105933,0.0025
216.30115830115832,-0.0025
216.30125730125732,-0.0025
216.30135630135632,0.0
216.30145530145532,-0.0025
216.30155430155432,-0.0025
216.30165330165332,0.005
216.30175230175232,0.0
216.30185130185131,0.005
216.3019503019503,-0.0025
216.3020493020493,0.0
216.3021483021483,0.0025
216.3022473022473,0.005
216.3023463023463,0.0
216.3024453024453,0.0
216.3025443025443,0.0
216.3026433026433,0.0
216.3027423027423,0.0025
216.30284130284133,0.0025
216.30294030294033,0.0025
216.30303930303933,0.005
216.30313830313833,0.0025
216.30323730323732,0.005
216.30333630333632,0.0025
216.30343530343532,0.0
216.30353430353432,0.0
216.30363330363332,0.0
216.30373230373232,0.0025
216.30383130383132,0.005
216.30393030393031,0.0025
216.3040293040293,0.0
216.3041283041283,0.0025
216.3042273042273,0.0025
216.3043263043263,0.0025
216.3044253044253,0.0
216.3045243045243,0.0025
216.3046233046233,0.0025
216.3047223047223,0.0
216.30482130482133,0.0025
216.30492030492033,0.0025
216.30501930501933,0.0025
216.30511830511833,0.0025
216.30521730521733,0.0025
216.30531630531632,0.0025
216.30541530541532,0.0025
216.30551430551432,0.0025
216.30561330561332,0.0
216.30571230571232,0.0
216.30581130581132,0.0025
216.30591030591032,0.0025
216.30600930600932,0.0
216.3061083061083,-0.0025
216.3062073062073,0.0
216.3063063063063,0.0
216.3064053064053,0.0025
216.3065043065043,0.0025
216.3066033066033,0.0
216.30670230670233,0.0
216.30680130680133,0.0
216.30690030690033,0.0025
216.30699930699933,0.0
216.30709830709833,0.0
216.30719730719733,0.0025
216.30729630729633,0.0025
216.30739530739532,0.0025
216.30749430749432,0.0
216.30759330759332,0.0025
216.30769230769232,0.0
216.30779130779132,0.0025
216.30789030789032,0.0025
216.30798930798932,0.0
216.30808830808832,0.0
216.3081873081873,0.0025
216.3082863082863,0.0025
216.3083853083853,0.0025
216.3084843084843,0.0025
216.3085833085833,0.0025
216.30868230868234,0.005
216.30878130878133,0.0025
216.30888030888033,0.0025
216.30897930897933,0.0025
216.30907830907833,0.0
216.30917730917733,0.0025
216.30927630927633,0.0025
216.30937530937533,0.0
216.30947430947433,-0.0025
216.30957330957332,0.0
216.30967230967232,0.0025
216.30977130977132,0.0025
216.30987030987032,0.005
216.30996930996932,0.0
216.31006831006832,0.0025
216.31016731016732,0.0
216.31026631026631,0.0025
216.3103653103653,0.0025
216.3104643104643,0.0025
216.3105633105633,0.0025
216.31066231066234,0.0025
216.31076131076134,0.0025
216.31086031086033,0.0
216.31095931095933,-0.0025
216.31105831105833,0.0025
216.31115731115733,0.0
216.31125631125633,0.0
216.31135531135533,0.0
216.31145431145433,0.0
216.31155331155333,0.0
216.31165231165232,0.0
216.31175131175132,0.0025
216.31185031185032,0.0
216.31194931194932,0.0
216.31204831204832,-0.0025
216.31214731214732,0.0025
216.31224631224632,0.0
216.31234531234531,-0.0025
216.3124443124443,0.0025
216.3125433125433,0.0
216.31264231264234,0.0
216.31274131274134,0.0
216.31284031284034,0.0
216.31293931293933,0.0025
216.31303831303833,0.0025
216.31313731313733,0.0
216.31323631323633,0.005
216.31333531333533,0.0025
216.31343431343433,0.0025
216.31353331353333,0.0
216.31363231363233,-0.0025
216.31373131373132,0.0
216.31383031383032,0.0
216.31392931392932,-0.0025
216.31402831402832,0.0025
216.31412731412732,-0.0025
216.31422631422632,-0.0025
216.31432531432532,0.0
216.31442431442431,0.0025
216.31452331452334,0.0025
216.31462231462234,-0.0025
216.31472131472134,0.0025
216.31482031482034,0.0
216.31491931491934,0.0
216.31501831501834,0.0
216.31511731511733,-0.0025
216.31521631521633,0.0
216.31531531531533,-0.0025
216.31541431541433,0.0
216.31551331551333,0.0
216.31561231561233,0.0025
216.31571131571133,0.005
216.31581031581032,0.0
216.31590931590932,0.0025
216.31600831600832,0.005
216.31610731610732,0.0025
216.31620631620632,-0.0025
216.31630531630532,-0.0025
216.31640431640432,0.0025
216.31650331650334,-0.0025
216.31660231660234,0.0
216.31670131670134,0.0025
216.31680031680034,0.0025
216.31689931689934,0.0
216.31699831699834,-0.0025
216.31709731709734,0.0025
216.31719631719633,-0.0025
216.31729531729533,0.0
216.31739431739433,0.0025
216.31749331749333,0.0
216.31759231759233,0.0
216.31769131769133,0.0025
216.31779031779033,0.0025
216.31788931788932,0.0
216.31798831798832,0.0025
216.31808731808732,0.0
216.31818631818632,0.0
216.31828531828532,0.0025
216.31838431838432,0.0
216.31848331848335,0.0025
