Time (s),Data
135.41659241659244,0.0025
135.41669141669144,-0.0025
135.41679041679043,-0.0025
135.41688941688943,0.0
135.41698841698843,0.0
135.41708741708743,-0.0025
135.41718641718643,-0.0025
135.41728541728543,-0.0025
135.41738441738443,-0.0025
135.41748341748342,0.0
135.41758241758242,0.0
135.41768141768142,0.0025
135.41778041778042,0.0025
135.41787941787942,0.0
135.41797841797842,0.0
135.41807741807742,0.0
135.41817641817642,-0.0025
135.4182754182754,0.0
135.41837441837444,0.0
135.41847341847344,0.0
135.41857241857244,0.0
135.41867141867144,-0.0075
135.41877041877044,-0.005
135.41886941886943,-0.0075
135.41896841896843,-0.0025
135.41906741906743,-0.0025
135.41916641916643,-0.0025
135.41926541926543,-0.0025
135.41936441936443,0.0025
135.41946341946343,-0.005
135.41956241956242,-0.0025
135.41966141966142,-0.0025
135.41976041976042,0.0025
135.41985941985942,0.0
135.41995841995842,0.005
135.42005742005742,0.0
135.42015642015642,0.0
135.42025542025542,0.0
135.42035442035444,0.005
135.42045342045344,0.0075
135.42055242055244,0.005
135.42065142065144,0.0
135.42075042075044,0.0
135.42084942084944,-0.0025
135.42094842094843,-0.0025
135.42104742104743,-0.0025
135.42114642114643,0.005
135.42124542124543,0.005
135.42134442134443,0.0025
135.42144342144343,0.0025
135.42154242154243,-0.0025
135.42164142164143,0.0
135.42174042174042,0.0025
135.42183942183942,0.0
135.42193842193842,0.0
135.42203742203742,-0.0025
135.42213642213642,0.0
135.42223542223542,0.0
135.42233442233444,0.0025
135.42243342243344,0.0
135.42253242253244,0.0
135.42263142263144,0.0
135.42273042273044,0.0
135.42282942282944,0.0025
135.42292842292844,0.0025
135.42302742302743,0.005
135.42312642312643,0.0025
135.42322542322543,0.0025
135.42332442332443,-0.0025
135.42342342342343,-0.0025
135.42352242352243,-0.005
135.42362142362143,0.0
135.42372042372043,0.0
135.42381942381942,0.0
135.42391842391842,0.0
135.42401742401742,0.005
135.42411642411642,0.0025
135.42421542421542,0.0
135.42431442431445,-0.005
135.42441342441344,-0.0025
135.42451242451244,-0.0075
135.42461142461144,-0.0025
135.42471042471044,-0.005
135.42480942480944,-0.0075
135.42490842490844,-0.0075
135.42500742500744,-0.0025
135.42510642510643,-0.005
135.42520542520543,-0.005
135.42530442530443,-0.005
135.42540342540343,-0.0075
135.42550242550243,-0.005
135.42560142560143,-0.0075
135.42570042570043,-0.01
135.42579942579943,-0.01
135.42589842589842,-0.0075
135.42599742599742,-0.005
135.42609642609642,-0.0075
135.42619542619545,-0.01
135.42629442629445,-0.0075
135.42639342639345,-0.005
135.42649242649244,-0.0025
135.42659142659144,-0.0075
135.42669042669044,0.0
135.42678942678944,0.0
135.42688842688844,-0.0025
135.42698742698744,-0.0075
135.42708642708644,-0.005
135.42718542718544,-0.0075
135.42728442728443,-0.0025
135.42738342738343,-0.005
135.42748242748243,-0.0025
135.42758142758143,-0.005
135.42768042768043,-0.005
135.42777942777943,-0.0025
135.42787842787843,-0.0025
135.42797742797742,-0.0025
135.42807642807642,-0.005
135.42817542817545,-0.005
135.42827442827445,0.0
135.42837342837345,-0.0025
135.42847242847245,0.0
135.42857142857144,-0.0025
135.42867042867044,-0.0025
135.42876942876944,-0.0025
135.42886842886844,0.0
135.42896742896744,0.0
135.42906642906644,-0.0025
135.42916542916544,-0.005
135.42926442926444,-0.005
135.42936342936343,-0.0025
135.42946242946243,0.0025
135.42956142956143,-0.0025
135.42966042966043,-0.0025
135.42975942975943,-0.005
135.42985842985843,-0.0025
135.42995742995743,-0.005
135.43005643005642,-0.005
135.43015543015545,-0.0075
135.43025443025445,-0.0025
135.43035343035345,-0.0075
135.43045243045245,-0.0075
135.43055143055145,-0.005
135.43065043065045,-0.005
135.43074943074944,-0.005
135.43084843084844,0.0
135.43094743094744,0.0
135.43104643104644,0.0
135.43114543114544,-0.0025
135.43124443124444,-0.005
135.43134343134344,-0.0025
135.43144243144243,0.0
135.43154143154143,0.0025
135.43164043164043,-0.0025
135.43173943173943,0.0
135.43183843183843,0.0
135.43193743193743,-0.0025
135.43203643203643,-0.005
135.43213543213545,-0.0075
135.43223443223445,-0.005
135.43233343233345,-0.005
135.43243243243245,0.0
135.43253143253145,0.0
135.43263043263045,0.0
135.43272943272945,0.0025
135.43282843282844,0.0025
135.43292743292744,0.0025
135.43302643302644,0.0025
135.43312543312544,0.0075
135.43322443322444,0.005
135.43332343332344,0.005
135.43342243342244,0.005
135.43352143352143,0.0025
135.43362043362043,0.0025
135.43371943371943,0.0
135.43381843381843,0.0025
135.43391743391743,-0.0025
135.43401643401646,-0.0025
135.43411543411545,0.0
135.43421443421445,0.0
135.43431343431345,0.005
135.43441243441245,0.0
135.43451143451145,0.0025
135.43461043461045,0.0
135.43470943470945,-0.0025
135.43480843480845,-0.0025
135.43490743490744,0.0025
135.43500643500644,0.0025
135.43510543510544,0.005
135.43520443520444,0.0025
135.43530343530344,0.0
135.43540243540244,-0.0025
135.43550143550144,0.0
135.43560043560043,0.0
135.43569943569943,-0.005
135.43579843579843,-0.0075
135.43589743589743,0.0025
135.43599643599646,0.005
135.43609543609546,0.0025
135.43619443619446,0.0075
135.43629343629345,0.0025
135.43639243639245,0.005
135.43649143649145,0.0025
135.43659043659045,0.0
135.43668943668945,0.0025
135.43678843678845,0.0025
135.43688743688745,0.005
135.43698643698644,0.01
135.43708543708544,0.0075
135.43718443718444,0.005
135.43728343728344,0.0025
135.43738243738244,0.0
135.43748143748144,0.0025
135.43758043758044,0.0025
135.43767943767944,0.0
135.43777843777843,0.0
135.43787743787743,0.0
135.43797643797646,-0.0025
135.43807543807546,-0.005
135.43817443817446,0.0
135.43827343827346,0.0
135.43837243837245,0.0
135.43847143847145,0.005
135.43857043857045,0.005
135.43866943866945,0.0025
135.43876843876845,0.0025
135.43886743886745,0.005
135.43896643896645,0.0075
135.43906543906544,0.0025
135.43916443916444,0.005
135.43926343926344,0.0025
135.43936243936244,0.0025
135.43946143946144,-0.0025
135.43956043956044,0.0
135.43965943965944,0.0025
135.43975843975844,0.005
135.43985743985746,0.0075
135.43995643995646,0.0075
135.44005544005546,0.005
135.44015444015446,0.012499999
135.44025344025346,0.01
135.44035244035246,0.005
135.44045144045145,0.005
135.44055044055045,0.005
135.44064944064945,0.0025
135.44074844074845,0.0
135.44084744084745,0.0025
135.44094644094645,0.005
135.44104544104545,0.005
135.44114444114444,0.005
135.44124344124344,0.005
135.44134244134244,0.005
135.44144144144144,0.0
135.44154044154044,0.0025
135.44163944163944,0.0
135.44173844173844,0.0025
135.44183744183746,0.0025
135.44193644193646,0.0
135.44203544203546,0.0
135.44213444213446,0.0
135.44223344223346,-0.0025
135.44233244233246,-0.005
135.44243144243146,-0.0075
135.44253044253045,-0.005
135.44262944262945,-0.0025
135.44272844272845,0.0
135.44282744282745,0.0
135.44292644292645,0.0025
135.44302544302545,-0.0025
135.44312444312445,-0.0025
135.44322344322345,-0.0025
135.44332244332244,-0.0025
135.44342144342144,-0.0025
135.44352044352044,-0.0025
135.44361944361944,0.0025
135.44371844371844,0.0
135.44381744381747,0.0025
135.44391644391646,-0.0025
135.44401544401546,0.0025
135.44411444411446,-0.005
135.44421344421346,-0.0025
135.44431244431246,0.0025
135.44441144441146,0.0025
135.44451044451046,0.005
135.44460944460945,0.0025
135.44470844470845,0.0
135.44480744480745,-0.0025
135.44490644490645,0.0
135.44500544500545,-0.0025
135.44510444510445,0.0025
135.44520344520345,0.0025
135.44530244530245,0.0025
135.44540144540144,0.0025
135.44550044550044,0.0025
135.44559944559944,0.0025
135.44569844569844,0.0025
135.44579744579747,0.0025
135.44589644589647,-0.0025
135.44599544599546,0.005
135.44609444609446,0.0
135.44619344619346,0.0025
135.44629244629246,0.005
135.44639144639146,-0.0025
135.44649044649046,-0.0025
135.44658944658946,0.0
135.44668844668846,-0.0025
135.44678744678745,-0.0025
135.44688644688645,-0.0075
135.44698544698545,-0.01
135.44708444708445,-0.005
135.44718344718345,-0.005
135.44728244728245,-0.0025
135.44738144738145,0.0
135.44748044748044,0.0
135.44757944757944,0.0
135.44767844767847,0.0025
135.44777744777747,-0.0025
135.44787644787647,-0.0025
135.44797544797547,0.0
135.44807444807446,0.0
135.44817344817346,0.005
135.44827244827246,0.005
135.44837144837146,0.0
135.44847044847046,0.0025
135.44856944856946,0.0025
135.44866844866846,0.005
135.44876744876746,0.0025
135.44886644886645,0.0
135.44896544896545,0.0025
135.44906444906445,-0.0025
135.44916344916345,0.0
135.44926244926245,0.0025
135.44936144936145,0.0
135.44946044946045,0.0
135.44955944955944,-0.0025
135.44965844965847,0.0
135.44975744975747,0.005
135.44985644985647,0.005
135.44995544995547,0.0
135.45005445005447,0.0
135.45015345015346,0.0
135.45025245025246,0.0025
135.45035145035146,0.005
135.45045045045046,0.0075
135.45054945054946,0.0075
135.45064845064846,0.01
135.45074745074746,0.005
135.45084645084646,0.005
135.45094545094545,0.005
135.45104445104445,0.0075
135.45114345114345,0.005
135.45124245124245,0.0075
135.45134145134145,0.0
135.45144045144045,0.0025
135.45153945153945,0.005
135.45163845163847,0.0075
135.45173745173747,0.01
135.45183645183647,0.0075
135.45193545193547,0.005
135.45203445203447,0.0
135.45213345213347,0.0
135.45223245223247,0.005
135.45233145233146,0.0025
135.45243045243046,0.005
135.45252945252946,0.005
135.45262845262846,0.0025
135.45272745272746,0.005
135.45282645282646,-0.0025
135.45292545292546,0.0
135.45302445302445,0.0
135.45312345312345,0.005
135.45322245322245,0.0025
135.45332145332145,0.0
135.45342045342045,0.0
135.45351945351945,0.0
135.45361845361847,0.0025
135.45371745371747,0.0
135.45381645381647,0.005
135.45391545391547,0.005
135.45401445401447,0.0075
135.45411345411347,0.0025
135.45421245421247,0.005
135.45431145431147,0.005
135.45441045441046,0.0025
135.45450945450946,0.0025
135.45460845460846,0.01
135.45470745470746,0.005
135.45480645480646,0.0025
135.45490545490546,0.0025
135.45500445500446,0.005
135.45510345510345,0.005
135.45520245520245,0.0075
135.45530145530145,0.005
135.45540045540045,0.005
135.45549945549948,0.0025
135.45559845559848,0.0075
135.45569745569748,0.005
135.45579645579647,0.005
135.45589545589547,0.0
135.45599445599447,0.005
135.45609345609347,0.005
135.45619245619247,0.005
135.45629145629147,0.005
135.45639045639047,0.0025
135.45648945648946,0.0075
135.45658845658846,0.005
135.45668745668746,0.0075
135.45678645678646,0.01
135.45688545688546,0.005
135.45698445698446,0.005
135.45708345708346,0.0025
135.45718245718245,0.0025
135.45728145728145,0.005
135.45738045738045,0.0025
135.45747945747948,0.0025
135.45757845757848,0.0025
135.45767745767748,0.0025
135.45777645777648,0.0
135.45787545787547,0.0025
135.45797445797447,0.0025
135.45807345807347,0.005
135.45817245817247,-0.0025
135.45827145827147,0.0
135.45837045837047,0.0025
135.45846945846947,0.0025
135.45856845856846,0.0
135.45866745866746,0.0
135.45876645876646,-0.0025
135.45886545886546,0.005
135.45896445896446,-0.0025
135.45906345906346,0.0
135.45916245916246,0.0025
135.45926145926146,-0.0025
135.45936045936045,0.0
135.45945945945948,0.0
135.45955845955848,0.0
135.45965745965748,0.0
135.45975645975648,-0.0025
135.45985545985548,0.0025
135.45995445995447,0.0
135.46005346005347,0.0025
135.46015246015247,0.0025
135.46025146025147,-0.0025
135.46035046035047,0.0
135.46044946044947,0.0025
135.46054846054847,0.0075
135.46064746064746,0.0075
135.46074646074646,0.005
135.46084546084546,0.005
135.46094446094446,0.01
135.46104346104346,0.005
135.46114246114246,0.0075
135.46124146124146,0.0075
135.46134046134048,0.005
135.46143946143948,0.005
135.46153846153848,0.0025
135.46163746163748,0.0075
135.46173646173648,0.01
135.46183546183548,0.01
135.46193446193448,0.0025
135.46203346203347,0.0025
135.46213246213247,0.005
135.46223146223147,0.0075
135.46233046233047,0.005
135.46242946242947,0.0
135.46252846252847,0.0
135.46262746262747,0.0025
135.46272646272647,0.0
135.46282546282546,0.0025
135.46292446292446,0.005
135.46302346302346,0.0025
135.46312246312246,-0.0025
135.46322146322146,0.0
135.46332046332049,-0.0025
135.46341946341948,0.0
135.46351846351848,0.005
135.46361746361748,0.005
135.46371646371648,0.0
135.46381546381548,0.005
135.46391446391448,-0.0025
135.46401346401348,0.0
135.46411246411247,0.0
135.46421146421147,0.0
135.46431046431047,0.0025
135.46440946440947,0.0025
135.46450846450847,0.0
135.46460746460747,0.0025
135.46470646470647,0.005
135.46480546480547,-0.005
135.46490446490446,-0.0025
135.46500346500346,0.0
135.46510246510246,-0.005
135.46520146520146,-0.0025
135.4653004653005,-0.0025
135.46539946539949,-0.0025
135.46549846549848,0.0
135.46559746559748,0.0
135.46569646569648,0.0
135.46579546579548,0.0025
135.46589446589448,0.0025
135.46599346599348,0.0
135.46609246609248,0.0
135.46619146619148,0.0025
135.46629046629047,0.0025
135.46638946638947,0.005
135.46648846648847,0.0
135.46658746658747,0.0025
135.46668646668647,-0.0025
135.46678546678547,0.0
135.46688446688447,0.005
135.46698346698346,0.0025
135.46708246708246,0.0075
135.46718146718146,0.005
135.4672804672805,0.0025
135.4673794673795,0.005
135.4674784674785,0.005
135.46757746757748,0.0075
135.46767646767648,0.0075
135.46777546777548,0.005
135.46787446787448,0.005
135.46797346797348,0.005
135.46807246807248,0.005
135.46817146817148,0.0075
135.46827046827048,0.005
135.46836946836947,0.0025
135.46846846846847,0.0
135.46856746856747,0.005
135.46866646866647,-0.005
135.46876546876547,0.0
135.46886446886447,0.0
135.46896346896347,-0.005
135.46906246906246,-0.0025
135.4691614691615,-0.0025
135.4692604692605,0.0
135.4693594693595,0.0025
135.4694584694585,-0.005
135.4695574695575,-0.0075
135.46965646965648,-0.0025
135.46975546975548,-0.0025
135.46985446985448,-0.0025
135.46995346995348,0.0025
135.47005247005248,0.0025
135.47015147015148,0.0
135.47025047025048,0.0
135.47034947034948,0.0
135.47044847044847,0.0025
135.47054747054747,0.0
135.47064647064647,0.0025
135.47074547074547,-0.0025
135.47084447084447,0.0
135.47094347094347,0.0025
135.47104247104247,0.0025
135.4711414711415,0.0
135.4712404712405,0.0
135.4713394713395,0.005
135.4714384714385,0.005
135.4715374715375,0.0025
135.4716364716365,0.0025
135.47173547173549,0.0025
135.47183447183448,0.0025
135.47193347193348,0.0
135.47203247203248,0.0025
135.47213147213148,0.005
135.47223047223048,0.0
135.47232947232948,-0.0025
135.47242847242848,-0.0025
135.47252747252747,0.0
135.47262647262647,0.0
135.47272547272547,0.0075
135.47282447282447,0.005
135.47292347292347,0.0025
135.47302247302247,-0.0025
135.4731214731215,0.0025
135.4732204732205,-0.0025
135.4733194733195,-0.0025
135.4734184734185,-0.0075
135.4735174735175,-0.0025
135.4736164736165,-0.005
135.4737154737155,-0.0075
135.47381447381449,-0.0025
135.47391347391348,0.0
135.47401247401248,-0.005
135.47411147411148,0.0
135.47421047421048,-0.005
135.47430947430948,-0.005
135.47440847440848,-0.005
135.47450747450748,-0.0025
135.47460647460647,-0.0025
135.47470547470547,-0.005
135.47480447480447,-0.01
135.47490347490347,-0.01
135.47500247500247,-0.0075
135.4751014751015,-0.01
135.4752004752005,-0.005
135.4752994752995,-0.005
135.4753984753985,-0.0075
135.4754974754975,-0.01
135.4755964755965,-0.01
135.4756954756955,-0.01
135.4757944757945,-0.0075
135.47589347589349,-0.012499999
135.47599247599248,-0.0075
135.47609147609148,-0.012499999
135.47619047619048,-0.0075
135.47628947628948,-0.01
135.47638847638848,-0.0075
135.47648747648748,-0.01
135.47658647658648,-0.0075
135.47668547668547,-0.005
135.47678447678447,-0.005
135.47688347688347,-0.0075
135.4769824769825,-0.0075
135.4770814770815,-0.005
135.4771804771805,0.0
135.4772794772795,0.0
135.4773784773785,0.0025
135.4774774774775,0.0
135.4775764775765,0.0
135.4776754776755,-0.0025
135.4777744777745,-0.0025
135.4778734778735,-0.0075
135.4779724779725,-0.005
135.47807147807148,-0.0025
135.47817047817048,-0.0025
135.47826947826948,-0.005
135.47836847836848,-0.005
135.47846747846748,0.0
135.47856647856648,-0.0025
135.47866547866548,-0.0025
135.47876447876448,-0.0025
135.47886347886347,-0.005
135.4789624789625,-0.0075
135.4790614790615,-0.0075
135.4791604791605,-0.0025
135.4792594792595,-0.0025
135.4793584793585,-0.005
135.4794574794575,-0.0075
135.4795564795565,-0.005
135.4796554796555,-0.0075
135.4797544797545,-0.005
135.4798534798535,-0.005
135.4799524799525,-0.0025
135.4800514800515,-0.005
135.48015048015048,-0.0025
135.48024948024948,0.0025
135.48034848034848,0.0
135.48044748044748,-0.0025
135.48054648054648,-0.005
135.48064548064548,-0.0075
135.48074448074448,-0.005
135.48084348084348,-0.0025
135.4809424809425,0.0
135.4810414810415,-0.0025
135.4811404811405,-0.0025
135.4812394812395,-0.0025
135.4813384813385,-0.01
135.4814374814375,-0.005
135.4815364815365,-0.005
135.4816354816355,-0.0025
135.4817344817345,0.0
135.4818334818335,-0.0025
135.4819324819325,-0.0025
135.4820314820315,-0.005
135.4821304821305,-0.0075
135.48222948222949,-0.005
135.48232848232848,-0.005
135.48242748242748,-0.005
135.48252648252648,-0.0025
135.48262548262548,-0.0025
135.48272448272448,-0.0025
135.4828234828235,-0.0025
135.4829224829225,-0.0025
135.4830214830215,-0.005
135.4831204831205,0.0
135.4832194832195,0.0
135.4833184833185,0.0
135.4834174834175,0.0025
135.4835164835165,0.0025
135.4836154836155,0.0
135.4837144837145,-0.0025
135.4838134838135,-0.0025
135.4839124839125,-0.005
135.4840114840115,-0.0025
135.4841104841105,-0.0025
135.4842094842095,0.0
135.48430848430849,0.0025
135.48440748440748,0.0025
135.48450648450648,0.0025
135.48460548460548,0.005
135.48470448470448,0.005
135.4848034848035,0.0
135.4849024849025,0.005
135.4850014850015,0.005
135.4851004851005,0.0
135.4851994851995,-0.0025
135.4852984852985,-0.0025
135.4853974853975,-0.0025
135.4854964854965,-0.0025
135.4855954855955,0.0025
135.4856944856945,0.0
135.4857934857935,-0.0025
135.4858924858925,-0.005
135.4859914859915,-0.005
135.4860904860905,-0.0025
135.4861894861895,-0.0025
135.4862884862885,-0.0025
135.48638748638749,-0.0025
135.48648648648648,0.0
135.48658548658548,0.0
135.48668448668448,0.0
135.4867834867835,0.0025
135.4868824868825,0.0
135.4869814869815,0.0
135.4870804870805,-0.0025
135.4871794871795,0.0
135.4872784872785,0.0
135.4873774873775,-0.0025
135.4874764874765,-0.0025
135.4875754875755,0.0025
135.4876744876745,-0.0025
135.4877734877735,0.005
135.4878724878725,-0.0025
135.4879714879715,-0.0025
135.4880704880705,-0.0025
135.4881694881695,0.0025
135.4882684882685,0.0
135.4883674883675,0.0025
135.48846648846649,0.0025
135.48856548856548,-0.0025
135.48866448866448,-0.0025
135.4887634887635,-0.0025
135.4888624888625,0.0
135.4889614889615,0.0
135.4890604890605,-0.0025
135.4891594891595,0.0
135.4892584892585,0.0
135.4893574893575,-0.0025
135.4894564894565,0.0
135.4895554895555,0.0025
135.4896544896545,0.0025
135.4897534897535,-0.0025
135.4898524898525,0.0
135.4899514899515,0.0
135.4900504900505,0.0
135.4901494901495,0.0025
135.4902484902485,0.005
135.4903474903475,0.005
135.4904464904465,0.0
135.4905454905455,0.0
135.4906444906445,0.0
135.4907434907435,0.0025
135.4908424908425,-0.0075
135.4909414909415,-0.005
135.4910404910405,0.0025
135.4911394911395,-0.005
135.4912384912385,-0.0025
135.4913374913375,-0.0025
135.4914364914365,-0.005
135.4915354915355,-0.0075
135.4916344916345,-0.012499999
135.4917334917335,-0.005
135.4918324918325,-0.0025
135.4919314919315,-0.0025
135.4920304920305,-0.0075
135.4921294921295,-0.0075
135.4922284922285,-0.005
135.4923274923275,-0.005
135.4924264924265,-0.0025
135.4925254925255,-0.0075
135.49262449262451,-0.0025
135.4927234927235,-0.0075
135.4928224928225,-0.005
135.4929214929215,-0.005
135.4930204930205,-0.0025
135.4931194931195,-0.005
135.4932184932185,-0.005
135.4933174933175,-0.01
135.4934164934165,-0.01
135.4935154935155,-0.0075
135.4936144936145,-0.01
135.4937134937135,-0.01
135.4938124938125,-0.005
135.4939114939115,-0.0025
135.4940104940105,-0.0025
135.4941094941095,-0.0025
135.4942084942085,-0.0025
135.4943074943075,0.0
135.4944064944065,0.0
135.4945054945055,-0.0075
135.49460449460452,-0.005
135.49470349470351,-0.0025
135.4948024948025,-0.0025
135.4949014949015,-0.0075
135.4950004950005,-0.0075
135.4950994950995,-0.0075
135.4951984951985,-0.005
135.4952974952975,0.0
135.4953964953965,-0.005
135.4954954954955,-0.0075
135.4955944955945,-0.005
135.4956934956935,-0.005
135.4957924957925,-0.005
135.4958914958915,-0.0025
135.4959904959905,-0.01
135.4960894960895,0.0
135.4961884961885,-0.0075
135.4962874962875,-0.0075
135.4963864963865,-0.005
135.4964854964855,-0.0075
135.49658449658452,-0.005
135.49668349668352,-0.005
135.49678249678252,-0.0025
135.4968814968815,-0.005
135.4969804969805,-0.005
135.4970794970795,-0.0075
135.4971784971785,-0.0025
135.4972774972775,-0.005
135.4973764973765,-0.005
135.4974754974755,-0.005
135.4975744975745,-0.005
135.4976734976735,-0.005
135.4977724977725,-0.005
135.4978714978715,-0.0075
135.4979704979705,-0.005
135.4980694980695,-0.005
135.4981684981685,-0.0025
135.4982674982675,-0.0075
135.4983664983665,-0.0075
135.49846549846552,-0.005
135.49856449856452,-0.0075
135.49866349866352,-0.0075
135.49876249876252,-0.01
135.49886149886152,-0.005
135.4989604989605,-0.005
135.4990594990595,-0.005
135.4991584991585,-0.005
135.4992574992575,-0.01
135.4993564993565,-0.012499999
135.4994554994555,-0.01
135.4995544995545,-0.01
135.4996534996535,-0.0075
135.4997524997525,-0.005
135.4998514998515,0.0
135.4999504999505,-0.0025
135.5000495000495,0.0
135.5001485001485,-0.005
135.5002475002475,-0.005
135.5003465003465,-0.0075
135.50044550044552,-0.0075
135.50054450054452,-0.005
135.50064350064352,-0.005
135.50074250074252,0.0
135.50084150084152,-0.005
135.50094050094052,-0.0025
135.50103950103951,-0.005
135.5011385011385,-0.005
135.5012375012375,-0.005
135.5013365013365,-0.0025
135.5014355014355,-0.005
135.5015345015345,0.0
135.5016335016335,-0.005
135.5017325017325,-0.01
135.5018315018315,-0.012499999
135.5019305019305,-0.01
135.5020295020295,-0.012499999
135.5021285021285,-0.0075
135.5022275022275,-0.0075
135.5023265023265,-0.0025
135.50242550242552,-0.0025
135.50252450252452,-0.005
135.50262350262352,-0.01
135.50272250272252,-0.0075
135.50282150282152,-0.0075
135.50292050292052,-0.0075
135.50301950301952,-0.0075
135.50311850311851,-0.0075
135.5032175032175,-0.005
135.5033165033165,-0.0025
135.5034155034155,-0.005
135.5035145035145,-0.005
135.5036135036135,-0.0025
135.5037125037125,-0.005
135.5038115038115,-0.0025
135.5039105039105,-0.005
135.5040095040095,-0.005
135.5041085041085,-0.0075
135.5042075042075,-0.005
135.50430650430653,-0.0025
135.50440550440553,-0.0025
135.50450450450452,-0.005
135.50460350460352,-0.0075
135.50470250470252,-0.0075
135.50480150480152,-0.005
135.50490050490052,-0.0025
135.50499950499952,0.0
135.50509850509852,-0.0025
135.50519750519751,-0.0025
135.5052965052965,-0.0025
135.5053955053955,-0.0025
135.5054945054945,-0.005
135.5055935055935,-0.0025
135.5056925056925,-0.005
135.5057915057915,-0.0075
135.5058905058905,-0.005
135.5059895059895,-0.0025
135.5060885060885,-0.0025
135.5061875061875,0.0
135.50628650628653,0.0
135.50638550638553,-0.0025
135.50648450648453,-0.0025
135.50658350658352,-0.0025
135.50668250668252,0.005
135.50678150678152,-0.0025
135.50688050688052,-0.0025
135.50697950697952,0.0
135.50707850707852,-0.0025
135.50717750717752,-0.005
135.50727650727652,0.0
135.5073755073755,-0.0025
135.5074745074745,0.0
135.5075735075735,-0.0025
135.5076725076725,-0.005
135.5077715077715,-0.005
135.5078705078705,-0.0075
135.5079695079695,-0.0025
135.5080685080685,-0.005
135.5081675081675,-0.0025
135.50826650826653,-0.005
135.50836550836553,-0.0025
135.50846450846453,-0.005
135.50856350856353,-0.005
135.50866250866252,-0.005
135.50876150876152,-0.005
135.50886050886052,-0.0025
135.50895950895952,-0.005
135.50905850905852,-0.01
135.50915750915752,-0.0075
135.50925650925652,-0.005
135.50935550935552,-0.0075
135.5094545094545,-0.005
135.5095535095535,-0.0025
135.5096525096525,-0.005
135.5097515097515,-0.005
135.5098505098505,-0.005
135.5099495099495,-0.0025
135.5100485100485,-0.0075
135.5101475101475,-0.005
135.51024651024653,-0.0075
135.51034551034553,-0.0075
135.51044451044453,-0.0025
135.51054351054353,-0.01
135.51064251064253,-0.0075
135.51074151074152,0.0025
135.51084051084052,0.0
135.51093951093952,-0.005
135.51103851103852,-0.005
135.51113751113752,0.0
135.51123651123652,0.0
135.51133551133552,-0.0025
135.51143451143452,0.0
135.51153351153351,0.0
135.5116325116325,-0.005
135.5117315117315,-0.005
135.5118305118305,-0.01
135.5119295119295,-0.0075
135.5120285120285,-0.005
135.51212751212753,-0.0025
135.51222651222653,-0.0025
135.51232551232553,-0.005
135.51242451242453,-0.005
135.51252351252353,-0.0025
135.51262251262253,-0.005
135.51272151272153,-0.005
135.51282051282053,-0.01
135.51291951291952,-0.0075
135.51301851301852,-0.0075
135.51311751311752,-0.01
135.51321651321652,-0.0075
135.51331551331552,-0.0075
135.51341451341452,-0.0075
135.51351351351352,-0.005
135.51361251361251,-0.005
135.5137115137115,-0.005
135.5138105138105,-0.0025
135.5139095139095,-0.0075
135.5140085140085,-0.0075
135.51410751410754,-0.01
135.51420651420653,-0.0075
135.51430551430553,-0.0075
135.51440451440453,0.0
135.51450351450353,-0.005
135.51460251460253,-0.0025
135.51470151470153,-0.005
135.51480051480053,-0.0075
135.51489951489953,-0.0075
135.51499851499852,-0.0025
135.51509751509752,-0.005
135.51519651519652,-0.0025
135.51529551529552,-0.005
135.51539451539452,-0.01
135.51549351549352,-0.01
135.51559251559252,-0.0075
135.51569151569151,-0.005
135.5157905157905,0.0
135.5158895158895,0.0
135.5159885159885,-0.005
135.51608751608754,-0.005
135.51618651618654,-0.005
135.51628551628554,0.0
135.51638451638453,0.0
135.51648351648353,-0.005
135.51658251658253,0.0
135.51668151668153,-0.0025
135.51678051678053,0.0
135.51687951687953,0.0025
135.51697851697853,-0.005
135.51707751707752,-0.0025
135.51717651717652,0.0
135.51727551727552,0.0
135.51737451737452,0.0
135.51747351747352,-0.0025
135.51757251757252,-0.0025
135.51767151767152,-0.0025
135.51777051777051,-0.0025
135.5178695178695,0.0025
135.5179685179685,-0.0025
135.51806751806754,-0.005
135.51816651816654,-0.0075
135.51826551826554,-0.0025
135.51836451836454,0.0025
135.51846351846353,-0.0025
135.51856251856253,-0.005
135.51866151866153,-0.0025
135.51876051876053,-0.0025
135.51885951885953,0.0
135.51895851895853,0.0
135.51905751905753,-0.0025
135.51915651915652,-0.005
135.51925551925552,0.0
135.51935451935452,-0.0025
135.51945351945352,-0.005
135.51955251955252,-0.0025
135.51965151965152,0.0
135.51975051975052,-0.0025
135.51984951984952,0.0025
135.51994851994854,0.0
135.52004752004754,-0.0025
135.52014652014654,0.0
135.52024552024554,0.0
135.52034452034454,0.0025
135.52044352044354,-0.0025
135.52054252054253,-0.0025
135.52064152064153,0.0
135.52074052074053,-0.005
135.52083952083953,0.0
135.52093852093853,-0.0025
135.52103752103753,-0.005
135.52113652113653,-0.005
135.52123552123552,-0.005
135.52133452133452,0.0
135.52143352143352,-0.005
135.52153252153252,0.0
135.52163152163152,0.0025
135.52173052173052,0.0025
135.52182952182952,0.0025
135.52192852192854,0.0025
135.52202752202754,0.0
135.52212652212654,0.005
135.52222552222554,0.0025
135.52232452232454,0.0
135.52242352242354,0.0025
135.52252252252254,0.0
135.52262152262153,0.0025
135.52272052272053,0.0025
135.52281952281953,0.0
135.52291852291853,0.0
135.52301752301753,0.0
135.52311652311653,0.0025
135.52321552321553,0.0025
135.52331452331453,0.0025
135.52341352341352,0.0025
135.52351252351252,0.0
135.52361152361152,0.0
135.52371052371052,0.0
135.52380952380952,-0.0025
135.52390852390855,-0.0025
135.52400752400754,0.0025
135.52410652410654,0.0
135.52420552420554,0.0
135.52430452430454,-0.005
135.52440352440354,-0.0075
135.52450252450254,-0.005
135.52460152460154,-0.0075
135.52470052470053,-0.0075
135.52479952479953,-0.0025
135.52489852489853,-0.0025
135.52499752499753,0.0
135.52509652509653,-0.005
135.52519552519553,0.0
135.52529452529453,-0.0075
135.52539352539353,-0.0075
135.52549252549252,-0.01
135.52559152559152,-0.012499999
135.52569052569052,-0.01
135.52578952578955,-0.0075
135.52588852588855,-0.0075
135.52598752598755,-0.0075
135.52608652608654,-0.005
135.52618552618554,-0.005
135.52628452628454,-0.005
135.52638352638354,-0.01
135.52648252648254,-0.0075
135.52658152658154,-0.01
135.52668052668054,-0.01
135.52677952677953,-0.0075
135.52687852687853,-0.0075
135.52697752697753,-0.0025
135.52707652707653,-0.0025
135.52717552717553,-0.005
135.52727452727453,0.0025
135.52737352737353,-0.0025
135.52747252747253,-0.0025
135.52757152757152,-0.005
135.52767052767052,-0.005
135.52776952776955,-0.0025
135.52786852786855,-0.005
135.52796752796755,-0.005
135.52806652806655,-0.0025
135.52816552816554,-0.0075
135.52826452826454,0.0
135.52836352836354,-0.005
135.52846252846254,-0.005
135.52856152856154,-0.005
135.52866052866054,0.0025
135.52875952875954,-0.0075
135.52885852885854,-0.005
135.52895752895753,-0.005
135.52905652905653,-0.0025
135.52915552915553,-0.0075
135.52925452925453,-0.0075
135.52935352935353,-0.005
135.52945252945253,0.0
135.52955152955153,-0.005
135.52965052965052,-0.01
135.52974952974955,-0.01
135.52984852984855,-0.005
135.52994752994755,-0.005
135.53004653004655,-0.005
135.53014553014555,-0.0025
135.53024453024454,-0.0075
135.53034353034354,0.0
135.53044253044254,0.0025
135.53054153054154,0.0
135.53064053064054,0.0
135.53073953073954,-0.005
135.53083853083854,-0.0025
135.53093753093754,-0.005
135.53103653103653,-0.0025
135.53113553113553,-0.005
135.53123453123453,-0.0025
135.53133353133353,-0.0025
135.53143253143253,-0.005
135.53153153153153,-0.0025
135.53163053163053,-0.005
135.53172953172955,-0.0025
135.53182853182855,-0.0075
135.53192753192755,-0.005
135.53202653202655,-0.0075
135.53212553212555,-0.005
135.53222453222455,-0.0025
135.53232353232355,0.0
135.53242253242254,0.0
135.53252153252154,0.0
135.53262053262054,-0.0025
135.53271953271954,-0.0025
135.53281853281854,0.0025
135.53291753291754,0.0025
135.53301653301654,0.0
135.53311553311553,0.0025
135.53321453321453,0.0025
135.53331353331353,-0.0025
135.53341253341253,0.0025
135.53351153351153,0.0
135.53361053361056,0.0025
135.53370953370955,0.0
135.53380853380855,-0.0025
135.53390753390755,-0.0025
135.53400653400655,0.0025
135.53410553410555,0.005
135.53420453420455,0.005
135.53430353430355,0.0
135.53440253440255,0.0025
135.53450153450154,0.005
135.53460053460054,0.0025
135.53469953469954,0.0
135.53479853479854,0.0025
135.53489753489754,0.005
135.53499653499654,0.0025
135.53509553509554,-0.0025
135.53519453519453,-0.0025
135.53529353529353,0.0
135.53539253539253,0.0
135.53549153549153,-0.005
135.53559053559056,0.0
135.53568953568956,0.0
135.53578853578856,0.0025
135.53588753588755,0.0025
135.53598653598655,0.0
135.53608553608555,0.0025
135.53618453618455,0.005
135.53628353628355,0.0025
135.53638253638255,0.0025
135.53648153648155,0.0
135.53658053658054,0.0025
135.53667953667954,0.0
135.53677853677854,-0.0025
135.53687753687754,0.005
135.53697653697654,-0.0025
135.53707553707554,-0.0025
135.53717453717454,-0.0025
135.53727353727353,0.0
135.53737253737253,0.0025
135.53747153747153,0.0
135.53757053757056,-0.005
135.53766953766956,0.0
135.53776853776856,0.0025
135.53786753786756,0.0025
135.53796653796655,-0.0025
135.53806553806555,0.0025
135.53816453816455,0.0025
135.53826353826355,0.0025
135.53836253836255,0.0
135.53846153846155,0.0
135.53856053856055,-0.0025
135.53865953865954,-0.0025
135.53875853875854,-0.005
135.53885753885754,-0.0025
135.53895653895654,-0.005
135.53905553905554,0.0025
135.53915453915454,0.0025
135.53925353925354,-0.0025
135.53935253935254,0.0
135.53945153945153,0.0
135.53955053955056,0.0
135.53964953964956,0.0025
135.53974853974856,-0.005
135.53984753984756,0.0
135.53994653994656,0.0
135.54004554004555,0.0025
135.54014454014455,0.0025
135.54024354024355,0.005
135.54034254034255,0.0025
135.54044154044155,0.005
135.54054054054055,0.0025
135.54063954063955,0.0025
135.54073854073854,0.0
135.54083754083754,0.0
135.54093654093654,0.0025
135.54103554103554,0.0025
135.54113454113454,0.0
135.54123354123354,-0.0025
135.54133254133254,0.0
135.54143154143156,-0.0025
135.54153054153056,0.0
135.54162954162956,-0.0025
135.54172854172856,-0.005
135.54182754182756,0.0
135.54192654192656,-0.0025
135.54202554202556,-0.0025
135.54212454212455,0.0
135.54222354222355,-0.0025
135.54232254232255,-0.0075
135.54242154242155,-0.005
135.54252054252055,-0.0025
135.54261954261955,-0.0025
135.54271854271855,-0.0025
135.54281754281755,-0.0025
135.54291654291654,0.0025
135.54301554301554,0.0
135.54311454311454,-0.0025
135.54321354321354,-0.0025
135.54331254331254,0.0
135.54341154341157,-0.0025
135.54351054351056,-0.0025
135.54360954360956,0.0025
135.54370854370856,0.0025
135.54380754380756,0.0
135.54390654390656,0.0025
135.54400554400556,0.0
135.54410454410456,0.0025
135.54420354420355,0.0025
135.54430254430255,0.005
135.54440154440155,0.0025
135.54450054450055,0.0
135.54459954459955,-0.0025
135.54469854469855,-0.0025
135.54479754479755,-0.005
135.54489654489655,-0.005
135.54499554499554,0.0
135.54509454509454,0.0
135.54519354519354,0.0
135.54529254529254,0.0
135.54539154539157,0.0
135.54549054549057,0.0025
135.54558954558956,0.005
135.54568854568856,0.0025
135.54578754578756,0.005
135.54588654588656,0.005
135.54598554598556,0.0025
135.54608454608456,0.0025
135.54618354618356,0.0
135.54628254628255,0.0025
135.54638154638155,0.0025
135.54648054648055,0.0025
135.54657954657955,0.0025
135.54667854667855,0.0025
135.54677754677755,0.0
135.54687654687655,0.0
135.54697554697555,0.0
135.54707454707454,0.0
135.54717354717354,0.0
135.54727254727254,0.0025
135.54737154737157,-0.0025
135.54747054747057,0.0
135.54756954756957,-0.005
135.54766854766856,-0.0075
135.54776754776756,-0.005
135.54786654786656,-0.0025
135.54796554796556,0.0
135.54806454806456,-0.0025
135.54816354816356,0.0
135.54826254826256,-0.0025
135.54836154836156,-0.0075
135.54846054846055,-0.005
135.54855954855955,-0.005
135.54865854865855,-0.005
135.54875754875755,-0.0075
135.54885654885655,-0.0075
135.54895554895555,-0.0075
135.54905454905455,-0.0025
135.54915354915354,-0.0025
135.54925254925257,0.0
135.54935154935157,-0.0025
135.54945054945057,0.0
135.54954954954957,0.0
135.54964854964857,0.0
135.54974754974756,0.0025
135.54984654984656,-0.0025
135.54994554994556,-0.0025
135.55004455004456,-0.005
135.55014355014356,0.0
135.55024255024256,0.005
135.55034155034156,-0.0025
135.55044055044056,-0.0025
135.55053955053955,0.0
135.55063855063855,-0.0025
135.55073755073755,0.0025
135.55083655083655,0.0025
135.55093555093555,0.005
135.55103455103455,-0.0025
135.55113355113355,-0.0025
135.55123255123257,0.0025
135.55133155133157,0.0075
135.55143055143057,0.005
135.55152955152957,0.005
135.55162855162857,0.005
135.55172755172757,0.005
135.55182655182657,0.005
135.55192555192556,0.0025
135.55202455202456,0.0025
135.55212355212356,0.0025
135.55222255222256,0.0
135.55232155232156,0.0025
135.55242055242056,-0.0025
135.55251955251956,0.0
135.55261855261855,-0.0025
135.55271755271755,0.0
135.55281655281655,0.0
135.55291555291555,0.0025
135.55301455301455,0.0025
135.55311355311355,0.0
135.55321255321257,0.0
135.55331155331157,0.0
135.55341055341057,0.0025
135.55350955350957,-0.005
135.55360855360857,-0.0025
135.55370755370757,-0.0025
135.55380655380657,-0.0025
135.55390555390557,0.0
135.55400455400456,-0.0025
135.55410355410356,0.0
135.55420255420256,0.0
135.55430155430156,-0.0025
135.55440055440056,0.0
135.55449955449956,-0.005
135.55459855459856,0.0
135.55469755469755,-0.0025
135.55479655479655,0.0025
135.55489555489555,-0.005
135.55499455499455,-0.005
135.55509355509358,-0.0025
135.55519255519258,-0.0025
135.55529155529157,-0.005
135.55539055539057,-0.005
135.55548955548957,-0.005
135.55558855558857,-0.005
135.55568755568757,0.0
135.55578655578657,0.0
135.55588555588557,-0.0025
135.55598455598457,-0.0025
135.55608355608356,0.0
135.55618255618256,0.0
135.55628155628156,-0.005
135.55638055638056,0.005
135.55647955647956,0.0025
135.55657855657856,0.005
135.55667755667756,0.0025
135.55677655677655,0.0025
135.55687555687555,-0.005
135.55697455697455,-0.0025
135.55707355707358,-0.0025
135.55717255717258,0.0025
135.55727155727158,0.0025
135.55737055737058,0.0
135.55746955746957,0.0
135.55756855756857,0.0
135.55766755766757,-0.005
135.55776655776657,0.0025
135.55786555786557,-0.005
135.55796455796457,-0.0025
135.55806355806357,-0.005
135.55816255816256,0.0
135.55826155826156,-0.0075
135.55836055836056,-0.005
135.55845955845956,-0.0025
135.55855855855856,-0.0025
135.55865755865756,-0.0075
135.55875655875656,-0.005
135.55885555885556,-0.0025
135.55895455895455,0.0
135.55905355905358,-0.0025
135.55915255915258,-0.0025
135.55925155925158,-0.0025
135.55935055935058,-0.005
135.55944955944958,0.0
135.55954855954857,-0.005
135.55964755964757,-0.0025
135.55974655974657,-0.0075
135.55984555984557,-0.005
135.55994455994457,-0.005
135.56004356004357,-0.005
135.56014256014257,-0.005
135.56024156024156,-0.005
135.56034056034056,-0.0025
135.56043956043956,0.0
135.56053856053856,-0.0025
135.56063756063756,0.0
135.56073656073656,-0.0025
135.56083556083556,-0.005
135.56093456093456,-0.005
135.56103356103358,-0.0025
135.56113256113258,-0.0025
135.56123156123158,-0.0025
135.56133056133058,-0.005
135.56142956142958,-0.0025
135.56152856152858,0.0
135.56162756162757,-0.0025
135.56172656172657,0.0
135.56182556182557,-0.0025
135.56192456192457,-0.0025
135.56202356202357,-0.0025
135.56212256212257,-0.0025
135.56222156222157,0.0025
135.56232056232056,-0.005
135.56241956241956,-0.005
135.56251856251856,-0.0025
135.56261756261756,0.0025
135.56271656271656,0.0
135.56281556281556,-0.0025
135.56291456291459,-0.0025
135.56301356301358,-0.005
135.56311256311258,-0.0025
135.56321156321158,0.0025
135.56331056331058,0.0
135.56340956340958,-0.0075
135.56350856350858,-0.0025
135.56360756360758,-0.0025
135.56370656370657,0.0
135.56380556380557,-0.0025
135.56390456390457,-0.005
135.56400356400357,-0.005
135.56410256410257,-0.005
135.56420156420157,-0.005
135.56430056430057,-0.0075
135.56439956439957,-0.005
135.56449856449856,-0.005
135.56459756459756,-0.0075
135.56469656469656,-0.0025
135.56479556479556,-0.0025
135.5648945648946,0.0
135.56499356499359,-0.005
135.56509256509258,-0.0075
135.56519156519158,-0.0075
135.56529056529058,-0.0075
135.56538956538958,-0.0075
135.56548856548858,-0.0025
135.56558756558758,-0.0025
135.56568656568658,-0.005
135.56578556578557,0.0
135.56588456588457,-0.0025
135.56598356598357,-0.0025
135.56608256608257,-0.005
135.56618156618157,-0.005
135.56628056628057,-0.0025
135.56637956637957,0.0
135.56647856647857,0.0025
135.56657756657756,0.0025
135.56667656667656,0.0025
135.56677556677556,0.0
135.5668745668746,0.0
135.5669735669736,0.0
135.5670725670726,0.0025
135.56717156717158,-0.0025
135.56727056727058,0.0025
135.56736956736958,0.0
135.56746856746858,0.0025
135.56756756756758,0.0025
135.56766656766658,0.0
135.56776556776558,0.0025
135.56786456786458,-0.0025
135.56796356796357,0.0
135.56806256806257,-0.0025
135.56816156816157,0.0025
135.56826056826057,0.0
135.56835956835957,-0.0025
135.56845856845857,0.0
135.56855756855757,-0.005
135.56865656865656,-0.0075
135.56875556875556,-0.01
135.5688545688546,-0.005
135.5689535689536,-0.005
135.5690525690526,-0.0075
135.5691515691516,0.0
135.56925056925058,0.0
135.56934956934958,0.005
135.56944856944858,0.0025
135.56954756954758,0.0
135.56964656964658,-0.0025
135.56974556974558,0.0
135.56984456984458,0.0025
135.56994356994358,0.0025
135.57004257004257,0.0
135.57014157014157,-0.005
135.57024057024057,0.0
135.57033957033957,0.0
135.57043857043857,-0.0025
135.57053757053757,0.0025
135.57063657063657,-0.005
135.5707355707356,-0.01
135.5708345708346,-0.005
135.5709335709336,-0.005
135.5710325710326,-0.005
135.5711315711316,-0.005
135.5712305712306,-0.005
135.57132957132958,0.0
135.57142857142858,0.0
135.57152757152758,0.0
135.57162657162658,0.0
135.57172557172558,0.0
135.57182457182458,0.0025
135.57192357192358,0.0
135.57202257202258,0.0025
135.57212157212157,0.005
135.57222057222057,0.0025
135.57231957231957,0.0025
135.57241857241857,0.0
135.57251757251757,0.0
135.57261657261657,0.0025
135.5727155727156,0.005
135.5728145728146,0.0025
135.5729135729136,0.0
135.5730125730126,0.0
135.5731115731116,0.0
135.5732105732106,0.0
135.5733095733096,0.0025
135.57340857340859,0.005
135.57350757350758,-0.0025
135.57360657360658,-0.0025
135.57370557370558,-0.005
135.57380457380458,-0.0025
135.57390357390358,-0.0025
135.57400257400258,-0.0025
135.57410157410158,-0.005
135.57420057420057,-0.0075
135.57429957429957,-0.005
135.57439857439857,-0.005
135.57449757449757,-0.0075
135.57459657459657,-0.0075
135.5746955746956,-0.005
135.5747945747946,-0.0075
135.5748935748936,-0.01
135.5749925749926,-0.005
135.5750915750916,-0.0075
135.5751905751906,-0.005
135.5752895752896,-0.005
135.5753885753886,-0.01
135.57548757548759,-0.01
135.57558657558658,-0.0075
135.57568557568558,-0.012499999
135.57578457578458,-0.0075
135.57588357588358,-0.01
135.57598257598258,-0.0075
135.57608157608158,-0.012499999
135.57618057618058,-0.0075
135.57627957627957,-0.0075
135.57637857637857,-0.01
135.57647757647757,-0.01
135.5765765765766,-0.01
135.5766755766756,-0.0075
135.5767745767746,-0.0075
135.5768735768736,-0.01
135.5769725769726,-0.005
135.5770715770716,-0.01
135.5771705771706,-0.0075
135.5772695772696,-0.01
135.5773685773686,-0.0075
135.5774675774676,-0.0075
135.57756657756659,-0.005
135.57766557766558,-0.01
135.57776457776458,-0.01
135.57786357786358,-0.005
135.57796257796258,-0.005
135.57806157806158,-0.005
135.57816057816058,0.0
135.57825957825958,-0.0075
135.57835857835857,-0.005
135.57845757845757,-0.0075
135.5785565785566,-0.0025
135.5786555786556,-0.005
135.5787545787546,-0.0025
135.5788535788536,-0.0075
135.5789525789526,-0.005
135.5790515790516,-0.005
135.5791505791506,-0.0025
135.5792495792496,-0.0025
135.5793485793486,0.0
135.5794475794476,-0.005
135.5795465795466,-0.0075
135.5796455796456,-0.01
135.57974457974458,-0.0075
135.57984357984358,-0.01
135.57994257994258,-0.0075
135.58004158004158,-0.0075
135.58014058014058,-0.0075
135.58023958023958,-0.005
135.58033858033858,-0.0075
135.58043758043758,-0.0075
135.5805365805366,-0.0075
135.5806355806356,-0.005
135.5807345807346,0.0
135.5808335808336,-0.005
135.5809325809326,-0.005
135.5810315810316,-0.005
135.5811305811306,-0.0075
135.5812295812296,-0.005
135.5813285813286,-0.01
135.5814275814276,-0.0075
135.5815265815266,-0.005
135.5816255816256,-0.0025
135.5817245817246,-0.0025
135.58182358182358,-0.0025
135.58192258192258,-0.0025
135.58202158202158,-0.0025
135.58212058212058,-0.0025
135.58221958221958,-0.0025
135.58231858231858,-0.0075
135.58241758241758,-0.0075
135.5825165825166,0.0
135.5826155826156,-0.005
135.5827145827146,0.0
135.5828135828136,-0.0025
135.5829125829126,0.0
135.5830115830116,0.0025
135.5831105831106,0.0025
135.5832095832096,0.0
135.5833085833086,0.0
135.5834075834076,0.0025
135.5835065835066,0.005
135.5836055836056,0.0
135.5837045837046,0.0
135.5838035838036,0.0
135.58390258390259,0.0
135.58400158400158,-0.0025
135.58410058410058,0.0025
135.58419958419958,-0.005
135.58429858429858,-0.005
135.5843975843976,-0.0025
135.5844965844966,-0.0025
135.5845955845956,0.0025
135.5846945846946,0.0
135.5847935847936,0.0025
135.5848925848926,-0.0025
135.5849915849916,-0.005
135.5850905850906,0.0
135.5851895851896,-0.005
135.5852885852886,-0.005
135.5853875853876,-0.005
135.5854865854866,-0.005
135.5855855855856,0.0
135.5856845856846,-0.0025
135.5857835857836,-0.0025
135.5858825858826,-0.005
135.58598158598159,-0.005
135.58608058608058,-0.005
135.58617958617958,-0.0025
135.58627858627858,0.0
135.5863775863776,-0.0025
135.5864765864766,0.0
135.5865755865756,0.0
135.5866745866746,0.0
135.5867735867736,-0.0025
135.5868725868726,-0.0025
135.5869715869716,-0.005
135.5870705870706,-0.0075
135.5871695871696,0.0
135.5872685872686,-0.005
135.5873675873676,0.0
135.5874665874666,-0.005
135.5875655875656,0.0
135.5876645876646,-0.0025
135.5877635877636,-0.005
135.5878625878626,-0.0025
135.5879615879616,-0.0025
135.58806058806059,0.0
135.58815958815958,0.0025
135.58825858825858,0.005
135.5883575883576,0.0
135.5884565884566,-0.0025
135.5885555885556,0.0
135.5886545886546,0.0025
135.5887535887536,0.0025
135.5888525888526,0.0025
135.5889515889516,0.0
135.5890505890506,-0.0025
135.5891495891496,0.0025
135.5892485892486,0.0
135.5893475893476,0.0025
135.5894465894466,0.0025
135.5895455895456,0.0
135.5896445896446,0.0
135.5897435897436,0.0
135.5898425898426,-0.0025
135.5899415899416,-0.0025
135.5900405900406,0.0
135.5901395901396,0.0
135.59023859023858,0.0025
135.5903375903376,-0.0025
135.5904365904366,0.0
135.5905355905356,0.0
135.5906345906346,0.0025
135.5907335907336,0.005
135.5908325908326,0.0025
135.5909315909316,0.0
135.5910305910306,-0.005
135.5911295911296,-0.005
135.5912285912286,-0.0075
135.5913275913276,-0.0075
135.5914265914266,-0.0075
135.5915255915256,-0.01
135.5916245916246,-0.01
135.5917235917236,-0.01
135.5918225918226,-0.005
135.5919215919216,-0.0075
135.5920205920206,-0.0075
135.5921195921196,-0.0075
135.59221859221861,-0.0075
135.5923175923176,-0.01
135.5924165924166,-0.01
135.5925155925156,-0.01
135.5926145926146,-0.01
135.5927135927136,-0.012499999
135.5928125928126,-0.0075
135.5929115929116,-0.005
135.5930105930106,-0.0075
135.5931095931096,-0.0075
135.5932085932086,-0.0025
135.5933075933076,-0.0075
135.5934065934066,-0.0025
135.5935055935056,-0.0025
135.5936045936046,-0.005
135.5937035937036,-0.005
135.5938025938026,-0.0025
135.5939015939016,-0.0025
135.5940005940006,-0.0075
135.5940995940996,-0.01
135.59419859419862,-0.0075
135.59429759429761,-0.0075
135.5943965943966,-0.005
135.5944955944956,-0.005
135.5945945945946,-0.005
135.5946935946936,-0.0075
135.5947925947926,-0.005
135.5948915948916,-0.005
135.5949905949906,-0.0025
135.5950895950896,-0.005
135.5951885951886,-0.0025
135.5952875952876,-0.0025
135.5953865953866,-0.005
135.5954855954856,0.0025
135.5955845955846,0.0
135.5956835956836,-0.005
135.5957825957826,-0.0025
135.5958815958816,-0.0025
135.5959805959806,-0.0075
135.5960795960796,-0.0075
135.59617859617862,-0.0025
135.59627759627762,0.0
135.59637659637661,0.0
135.5964755964756,-0.0025
135.5965745965746,0.0025
135.5966735966736,-0.0025
135.5967725967726,-0.0025
135.5968715968716,-0.005
135.5969705969706,-0.005
135.5970695970696,0.0
135.5971685971686,0.0
135.5972675972676,-0.0025
135.5973665973666,-0.0025
135.5974655974656,-0.0025
135.5975645975646,0.0
135.5976635976636,-0.0025
135.5977625977626,-0.0075
135.5978615978616,-0.0075
135.5979605979606,-0.01
135.59805959805962,-0.0075
135.59815859815862,-0.005
135.59825759825762,-0.005
135.59835659835662,0.0
135.59845559845562,0.0
135.5985545985546,0.0025
135.5986535986536,0.0
135.5987525987526,-0.0025
135.5988515988516,-0.0025
135.5989505989506,-0.005
135.5990495990496,-0.0075
135.5991485991486,-0.0025
135.5992475992476,0.0
135.5993465993466,0.0025
135.5994455994456,0.0025
135.5995445995446,0.005
135.5996435996436,0.005
135.5997425997426,0.005
135.5998415998416,0.005
135.5999405999406,0.005
135.60003960003962,0.01
135.60013860013862,0.01
135.60023760023762,0.0075
135.60033660033662,0.005
135.60043560043562,0.0025
135.60053460053462,0.005
135.6006336006336,0.0025
135.6007326007326,0.0025
135.6008316008316,0.005
135.6009306009306,0.0025
135.6010296010296,0.0025
135.6011286011286,0.0025
135.6012276012276,0.005
135.6013266013266,0.005
135.6014256014256,0.0025
135.6015246015246,0.005
135.6016236016236,0.005
135.6017226017226,0.005
135.6018216018216,0.005
135.6019206019206,0.0025
135.60201960201962,0.005
135.60211860211862,0.0025
135.60221760221762,0.0
135.60231660231662,-0.0025
135.60241560241562,0.0
135.60251460251462,-0.005
135.60261360261362,0.0025
135.60271260271261,0.0025
135.6028116028116,0.0
135.6029106029106,0.0025
135.6030096030096,0.0025
135.6031086031086,0.0025
135.6032076032076,0.0025
135.6033066033066,0.005
135.6034056034056,0.0025
135.6035046035046,0.0025
135.6036036036036,0.005
135.6037026037026,0.0025
135.6038016038016,0.005
135.6039006039006,0.005
135.60399960399963,0.005
135.60409860409862,0.005
135.60419760419762,0.0025
135.60429660429662,0.0075
135.60439560439562,0.01
135.60449460449462,0.012499999
135.60459360459362,0.012499999
135.60469260469262,0.015
135.60479160479161,0.01
135.6048906048906,0.015
135.6049896049896,0.0075
135.6050886050886,0.012499999
135.6051876051876,0.012499999
135.6052866052866,0.015
135.6053856053856,0.012499999
135.6054846054846,-0.0025
135.6055836055836,0.01
135.6056826056826,0.01
135.6057816057816,0.0075
135.60588060588063,-0.0025
135.60597960597963,0.005
135.60607860607863,0.005
135.60617760617762,0.005
135.60627660627662,0.0025
135.60637560637562,0.005
135.60647460647462,0.0075
135.60657360657362,0.0075
135.60667260667262,0.01
135.60677160677162,0.012499999
135.60687060687061,0.01
135.6069696069696,0.005
135.6070686070686,0.0
135.6071676071676,0.0075
135.6072666072666,0.01
135.6073656073656,0.01
135.6074646074646,0.01
135.6075636075636,0.0075
135.6076626076626,0.0
135.6077616077616,0.0025
135.60786060786063,0.0025
135.60795960795963,0.0
135.60805860805863,0.0075
135.60815760815763,0.0
135.60825660825662,0.0
135.60835560835562,0.0
135.60845460845462,0.01
135.60855360855362,0.0075
135.60865260865262,0.0075
135.60875160875162,0.0025
135.60885060885062,0.0025
135.60894960894962,0.005
135.6090486090486,0.005
135.6091476091476,-0.005
135.6092466092466,-0.0025
135.6093456093456,0.0
135.6094446094446,0.005
135.6095436095436,0.0025
135.6096426096426,0.0025
135.6097416097416,0.0025
135.60984060984063,0.005
135.60993960993963,0.0
135.61003861003863,-0.005
135.61013761013763,0.005
135.61023661023663,0.0025
135.61033561033562,0.0075
135.61043461043462,0.0
135.61053361053362,0.012499999
135.61063261063262,0.0
135.61073161073162,0.0025
135.61083061083062,0.0025
135.61092961092962,0.0025
135.61102861102862,0.0025
135.6111276111276,0.0025
135.6112266112266,-0.0025
135.6113256113256,0.0025
135.6114246114246,0.0025
135.6115236115236,0.0025
135.6116226116226,0.0025
135.6117216117216,0.005
135.61182061182063,0.0025
135.61191961191963,-0.0025
135.61201861201863,0.0025
135.61211761211763,-0.0025
135.61221661221663,0.005
135.61231561231563,0.0025
135.61241461241463,0.005
135.61251361251362,0.005
135.61261261261262,0.005
135.61271161271162,0.0
135.61281061281062,0.0
135.61290961290962,0.0025
135.61300861300862,0.0
135.61310761310762,-0.005
135.61320661320661,0.0
135.6133056133056,-0.0025
135.6134046134046,-0.0025
135.6135036135036,0.0025
135.6136026136026,0.0
135.61370161370164,-0.0025
135.61380061380063,0.005
135.61389961389963,0.0025
135.61399861399863,0.005
135.61409761409763,0.0025
135.61419661419663,0.0
135.61429561429563,0.0025
135.61439461439463,0.0
135.61449361449363,0.0
135.61459261459262,0.0025
135.61469161469162,0.0025
135.61479061479062,0.0
135.61488961488962,0.0
135.61498861498862,0.0
135.61508761508762,0.0
135.61518661518662,0.0025
135.61528561528561,0.0025
135.6153846153846,0.0
135.6154836154836,0.0025
135.6155826155826,0.0025
135.61568161568164,0.0
135.61578061578064,0.0
135.61587961587963,0.0025
135.61597861597863,0.005
135.61607761607763,0.0075
135.61617661617663,0.0075
135.61627561627563,0.01
135.61637461637463,0.0075
135.61647361647363,0.0075
135.61657261657263,0.005
135.61667161667162,0.01
135.61677061677062,0.0075
135.61686961686962,0.0
135.61696861696862,0.0
135.61706761706762,0.005
135.61716661716662,0.005
135.61726561726562,0.005
135.61736461736461,0.0075
135.6174636174636,0.01
135.6175626175626,0.005
135.61766161766164,0.012499999
135.61776061776064,0.005
135.61785961785964,0.0075
135.61795861795864,0.0075
135.61805761805763,0.0025
135.61815661815663,0.005
135.61825561825563,0.0025
135.61835461835463,0.0025
135.61845361845363,0.005
135.61855261855263,0.005
135.61865161865163,0.0025
135.61875061875062,0.0025
135.61884961884962,0.005
135.61894861894862,0.005
135.61904761904762,0.005
135.61914661914662,0.0
135.61924561924562,0.005
135.61934461934462,0.005
135.61944361944362,0.005
135.61954261954264,0.0
135.61964161964164,0.005
135.61974061974064,0.0025
135.61983961983964,-0.0025
135.61993861993864,0.005
135.62003762003764,0.0075
135.62013662013663,0.005
135.62023562023563,0.0075
135.62033462033463,0.0075
135.62043362043363,0.005
135.62053262053263,0.0025
135.62063162063163,0.0025
135.62073062073063,0.005
135.62082962082962,0.0025
135.62092862092862,0.005
135.62102762102762,0.0025
135.62112662112662,0.005
135.62122562122562,0.005
135.62132462132462,0.0025
135.62142362142362,0.005
135.62152262152264,0.0075
135.62162162162164,0.0075
135.62172062172064,0.005
135.62181962181964,0.01
135.62191862191864,0.01
135.62201762201764,0.005
135.62211662211664,0.005
135.62221562221563,0.0075
135.62231462231463,0.0025
135.62241362241363,0.0025
135.62251262251263,0.005
135.62261162261163,0.0025
135.62271062271063,0.005
135.62280962280963,0.0025
135.62290862290862,0.0025
135.62300762300762,0.0025
135.62310662310662,0.0025
135.62320562320562,0.0025
135.62330462330462,0.01
135.62340362340362,0.01
135.62350262350265,0.01
135.62360162360164,0.005
135.62370062370064,0.005
135.62379962379964,0.005
135.62389862389864,0.005
135.62399762399764,0.0025
135.62409662409664,0.005
135.62419562419564,0.005
135.62429462429463,-0.0025
135.62439362439363,-0.0025
135.62449262449263,0.005
135.62459162459163,0.0
135.62469062469063,0.0
135.62478962478963,0.0025
135.62488862488863,0.0
135.62498762498763,0.0
135.62508662508662,0.0
135.62518562518562,0.0025
135.62528462528462,0.0025
135.62538362538362,-0.0025
135.62548262548265,-0.0025
135.62558162558165,-0.0025
135.62568062568064,-0.0025
135.62577962577964,-0.0025
135.62587862587864,-0.0025
135.62597762597764,-0.0025
135.62607662607664,0.0
135.62617562617564,-0.005
135.62627462627464,-0.005
135.62637362637363,-0.005
135.62647262647263,0.0
135.62657162657163,0.0025
135.62667062667063,0.0
135.62676962676963,-0.0025
135.62686862686863,-0.0025
135.62696762696763,-0.005
135.62706662706663,-0.0025
135.62716562716562,-0.0025
135.62726462726462,-0.005
135.62736362736365,-0.0075
135.62746262746265,-0.0025
135.62756162756165,0.0
135.62766062766065,0.0025
135.62775962775964,0.0025
135.62785862785864,0.0
135.62795762795764,-0.0025
135.62805662805664,-0.0025
135.62815562815564,-0.0025
135.62825462825464,0.0
135.62835362835364,0.0
135.62845262845264,0.0
135.62855162855163,-0.005
135.62865062865063,0.0025
135.62874962874963,0.0025
135.62884862884863,0.005
135.62894762894763,0.0
135.62904662904663,0.0
135.62914562914563,0.0
135.62924462924462,0.0
135.62934362934365,0.0
135.62944262944265,-0.0025
135.62954162954165,-0.0025
135.62964062964065,-0.0025
135.62973962973965,-0.005
135.62983862983864,-0.005
135.62993762993764,0.0
135.63003663003664,-0.005
135.63013563013564,-0.0075
135.63023463023464,-0.01
135.63033363033364,-0.0025
135.63043263043264,-0.0075
135.63053163053164,-0.005
135.63063063063063,0.0
135.63072963072963,-0.0025
135.63082863082863,-0.0025
135.63092763092763,-0.0025
135.63102663102663,-0.0025
135.63112563112563,-0.0025
135.63122463122463,-0.0025
135.63132363132365,-0.005
135.63142263142265,-0.005
135.63152163152165,-0.0025
135.63162063162065,0.0
135.63171963171965,-0.005
135.63181863181865,-0.0025
135.63191763191764,-0.0025
135.63201663201664,-0.0075
135.63211563211564,-0.01
135.63221463221464,-0.005
135.63231363231364,-0.005
135.63241263241264,-0.0025
135.63251163251164,0.0
135.63261063261064,-0.005
135.63270963270963,0.0
135.63280863280863,0.0
135.63290763290763,0.0
135.63300663300663,0.0
135.63310563310563,0.0
135.63320463320463,0.0
135.63330363330365,-0.0025
135.63340263340265,0.0025
135.63350163350165,0.0025
135.63360063360065,0.005
135.63369963369965,0.005
135.63379863379865,0.0025
135.63389763389765,0.0025
135.63399663399665,0.0
135.63409563409564,0.0025
135.63419463419464,0.0025
135.63429363429364,-0.0025
135.63439263439264,0.0
135.63449163449164,-0.0025
135.63459063459064,0.0
135.63468963468964,0.0
135.63478863478863,0.0
135.63488763488763,-0.0025
135.63498663498663,0.0075
135.63508563508563,0.005
135.63518463518466,0.0075
135.63528363528366,0.005
135.63538263538265,0.005
135.63548163548165,-0.0025
135.63558063558065,0.0
135.63567963567965,0.0
135.63577863577865,-0.0025
135.63587763587765,-0.0025
135.63597663597665,0.0025
135.63607563607565,0.0025
135.63617463617464,0.0
135.63627363627364,0.0
135.63637263637264,0.0
135.63647163647164,0.0
135.63657063657064,0.005
135.63666963666964,0.0075
135.63676863676864,0.0025
135.63686763686763,0.0025
135.63696663696663,0.0025
135.63706563706563,0.0025
135.63716463716466,0.0
135.63726363726366,0.0
135.63736263736266,0.0
135.63746163746166,0.0
135.63756063756065,0.0025
135.63765963765965,0.0025
135.63775863775865,0.0025
135.63785763785765,0.005
135.63795663795665,0.005
135.63805563805565,0.0025
135.63815463815465,0.0025
135.63825363825364,0.0
135.63835263835264,0.0
135.63845163845164,0.0075
135.63855063855064,0.0
135.63864963864964,0.0025
135.63874863874864,-0.0025
135.63884763884764,0.0
135.63894663894663,0.0075
135.63904563904563,0.005
135.63914463914466,0.0
135.63924363924366,-0.0025
135.63934263934266,0.0
135.63944163944166,0.0
135.63954063954066,0.01
135.63963963963965,0.012499999
135.63973863973865,0.0025
135.63983763983765,0.005
135.63993663993665,0.0025
135.64003564003565,0.0025
135.64013464013465,0.0025
135.64023364023365,0.005
135.64033264033264,0.0075
135.64043164043164,0.0075
135.64053064053064,0.0025
135.64062964062964,0.0
135.64072864072864,-0.0025
135.64082764082764,-0.005
135.64092664092664,0.0
135.64102564102566,0.0
135.64112464112466,-0.0025
135.64122364122366,-0.0025
135.64132264132266,0.0
135.64142164142166,-0.005
135.64152064152066,-0.005
135.64161964161966,-0.005
135.64171864171865,-0.0025
135.64181764181765,-0.0025
135.64191664191665,-0.0025
135.64201564201565,-0.005
135.64211464211465,-0.0075
135.64221364221365,-0.0075
135.64231264231265,-0.0075
135.64241164241164,-0.005
135.64251064251064,-0.005
135.64260964260964,-0.0025
135.64270864270864,-0.0025
135.64280764280764,-0.005
135.64290664290664,0.0
135.64300564300567,-0.0025
135.64310464310466,0.0
135.64320364320366,-0.0025
135.64330264330266,0.0
135.64340164340166,-0.0025
135.64350064350066,0.0
135.64359964359966,-0.0025
135.64369864369866,0.0
135.64379764379765,0.0025
135.64389664389665,0.0
135.64399564399565,-0.0025
135.64409464409465,-0.0025
135.64419364419365,0.0025
135.64429264429265,-0.0025
135.64439164439165,0.0025
135.64449064449065,0.0
135.64458964458964,0.0
135.64468864468864,0.0
135.64478764478764,0.0
135.64488664488664,0.0
135.64498564498567,-0.0025
135.64508464508467,-0.0025
135.64518364518366,-0.0025
135.64528264528266,-0.0025
135.64538164538166,-0.005
135.64548064548066,-0.0025
135.64557964557966,0.0
135.64567864567866,0.0
135.64577764577766,0.0
135.64587664587665,0.0025
135.64597564597565,0.0025
135.64607464607465,0.0025
135.64617364617365,0.0
135.64627264627265,-0.0025
135.64637164637165,0.0
135.64647064647065,-0.0025
135.64656964656965,0.0025
135.64666864666864,0.0025
135.64676764676764,0.0
135.64686664686664,0.0
135.64696564696567,0.0
135.64706464706467,0.0
135.64716364716367,0.0025
135.64726264726266,-0.0025
135.64736164736166,-0.0025
135.64746064746066,0.0025
135.64755964755966,0.0
135.64765864765866,0.0025
135.64775764775766,0.0
135.64785664785666,0.0025
135.64795564795565,0.0
135.64805464805465,0.0
135.64815364815365,-0.0025
135.64825264825265,-0.005
135.64835164835165,-0.005
135.64845064845065,-0.0025
135.64854964854965,0.0025
135.64864864864865,0.0025
135.64874764874764,-0.0025
135.64884664884667,0.0
135.64894564894567,0.0
135.64904464904467,0.0
135.64914364914367,0.0
135.64924264924267,-0.0025
135.64934164934166,0.0025
135.64944064944066,0.0025
135.64953964953966,0.0025
135.64963864963866,0.005
135.64973764973766,0.0025
135.64983664983666,0.0025
135.64993564993566,0.005
135.65003465003466,0.0025
135.65013365013365,0.0
135.65023265023265,0.0025
135.65033165033165,0.0
135.65043065043065,0.0025
135.65052965052965,0.0025
135.65062865062865,0.0025
135.65072765072765,0.005
135.65082665082667,0.0025
135.65092565092567,0.005
135.65102465102467,0.0025
135.65112365112367,0.0025
135.65122265122267,0.005
135.65132165132167,0.0025
135.65142065142066,0.005
135.65151965151966,0.005
135.65161865161866,0.01
135.65171765171766,0.005
135.65181665181666,0.0025
135.65191565191566,0.0025
135.65201465201466,0.0
135.65211365211366,0.0
135.65221265221265,0.0
135.65231165231165,0.0025
135.65241065241065,0.0
135.65250965250965,0.0
135.65260865260865,0.0
135.65270765270765,0.0025
135.65280665280667,0.005
135.65290565290567,0.0
135.65300465300467,0.0025
135.65310365310367,0.0025
135.65320265320267,0.005
135.65330165330167,0.005
135.65340065340067,0.005
135.65349965349967,0.005
135.65359865359866,0.005
135.65369765369766,0.005
135.65379665379666,0.0075
135.65389565389566,0.005
135.65399465399466,0.005
135.65409365409366,0.005
135.65419265419266,0.005
135.65429165429165,0.0025
135.65439065439065,0.0075
135.65448965448965,0.0075
135.65458865458865,0.012499999
135.65468765468765,0.0075
135.65478665478668,0.0025
135.65488565488567,0.0
135.65498465498467,0.005
135.65508365508367,0.0075
135.65518265518267,0.005
135.65528165528167,0.0075
135.65538065538067,0.005
135.65547965547967,0.0025
135.65557865557867,0.0075
135.65567765567766,0.0075
135.65577665577666,0.012499999
135.65587565587566,0.0
135.65597465597466,0.0025
135.65607365607366,0.0025
135.65617265617266,0.005
135.65627165627166,0.005
135.65637065637065,0.01
135.65646965646965,0.005
135.65656865656865,0.005
135.65666765666768,0.005
135.65676665676668,0.0025
135.65686565686568,0.005
135.65696465696467,0.0
135.65706365706367,0.005
135.65716265716267,0.0
135.65726165726167,0.0075
135.65736065736067,0.0025
135.65745965745967,0.005
135.65755865755867,0.0075
135.65765765765767,0.0025
135.65775665775666,0.0
135.65785565785566,-0.0025
135.65795465795466,-0.005
135.65805365805366,-0.005
135.65815265815266,-0.0025
135.65825165825166,-0.0025
135.65835065835066,-0.0025
135.65844965844965,-0.0025
135.65854865854865,-0.005
135.65864765864768,-0.005
135.65874665874668,0.0
135.65884565884568,-0.0025
135.65894465894468,0.0
135.65904365904368,-0.0075
135.65914265914267,-0.0025
135.65924165924167,-0.0075
135.65934065934067,-0.0075
135.65943965943967,-0.0025
135.65953865953867,-0.005
135.65963765963767,0.0
135.65973665973667,-0.0075
135.65983565983566,-0.0075
135.65993465993466,-0.0025
135.66003366003366,-0.0025
135.66013266013266,-0.0075
135.66023166023166,-0.0025
135.66033066033066,-0.0025
135.66042966042966,0.0
135.66052866052866,-0.0025
135.66062766062768,-0.005
135.66072666072668,-0.0025
135.66082566082568,-0.0025
135.66092466092468,0.0
135.66102366102368,0.0
135.66112266112268,-0.005
135.66122166122167,0.0
135.66132066132067,-0.0025
135.66141966141967,-0.0025
135.66151866151867,-0.0025
135.66161766161767,-0.005
135.66171666171667,-0.0075
135.66181566181567,-0.005
135.66191466191466,-0.0075
135.66201366201366,-0.005
135.66211266211266,-0.005
135.66221166221166,-0.0075
135.66231066231066,-0.005
135.66240966240966,-0.0025
135.66250866250869,0.0
135.66260766260768,0.0025
135.66270666270668,-0.0025
135.66280566280568,0.0
135.66290466290468,-0.005
135.66300366300368,-0.0025
135.66310266310268,0.0
135.66320166320168,-0.0025
135.66330066330067,-0.0025
135.66339966339967,-0.0025
135.66349866349867,-0.0025
135.66359766359767,-0.0025
135.66369666369667,0.0
135.66379566379567,-0.005
135.66389466389467,-0.0025
135.66399366399366,-0.005
135.66409266409266,-0.005
135.66419166419166,-0.0025
135.66429066429066,-0.0025
135.66438966438966,0.0
135.6644886644887,-0.0025
135.66458766458769,-0.0025
135.66468666468668,-0.005
135.66478566478568,-0.005
135.66488466488468,-0.0075
135.66498366498368,-0.0025
135.66508266508268,0.0
135.66518166518168,-0.0025
135.66528066528068,0.0025
135.66537966537967,-0.005
135.66547866547867,-0.0025
135.66557766557767,0.0
135.66567666567667,0.0
135.66577566577567,-0.0025
135.66587466587467,-0.005
135.66597366597367,0.0
135.66607266607267,0.0025
135.66617166617166,0.0025
135.66627066627066,0.0
135.66636966636966,0.005
135.6664686664687,0.0025
135.6665676665677,0.0025
135.66666666666669,0.0
135.66676566676568,-0.0025
135.66686466686468,0.0
135.66696366696368,0.0025
135.66706266706268,0.005
135.66716166716168,0.005
135.66726066726068,0.0025
135.66735966735968,0.0025
135.66745866745867,0.0025
135.66755766755767,0.005
135.66765666765667,0.005
135.66775566775567,0.0
135.66785466785467,0.005
135.66795366795367,0.005
135.66805266805267,0.0
135.66815166815167,0.0
135.66825066825066,0.0
135.66834966834966,0.005
135.6684486684487,0.0
135.6685476685477,-0.005
135.6686466686467,-0.0025
135.6687456687457,-0.0025
135.66884466884468,0.0025
135.66894366894368,0.0025
135.66904266904268,0.0
135.66914166914168,0.0025
135.66924066924068,0.0025
135.66933966933968,0.0025
135.66943866943868,0.0025
135.66953766953768,0.0025
135.66963666963667,0.0
135.66973566973567,-0.0025
135.66983466983467,-0.0025
135.66993366993367,-0.005
135.67003267003267,-0.0025
135.67013167013167,-0.0025
135.67023067023067,-0.0025
135.6703296703297,0.0
135.6704286704287,-0.0025
135.6705276705277,-0.005
135.6706266706267,-0.0025
135.6707256707257,0.0025
135.6708246708247,-0.0025
135.67092367092368,0.0025
135.67102267102268,0.0
135.67112167112168,0.0025
135.67122067122068,0.0025
135.67131967131968,0.0025
135.67141867141868,0.0
135.67151767151768,0.005
135.67161667161668,0.0025
135.67171567171567,-0.0025
135.67181467181467,0.0
135.67191367191367,0.0
135.67201267201267,0.0
135.67211167211167,0.0
135.67221067221067,0.0
135.6723096723097,-0.0025
135.6724086724087,0.005
135.6725076725077,0.0
135.6726066726067,0.005
135.6727056727057,0.005
135.6728046728047,0.0025
135.6729036729037,0.0
135.67300267300269,0.0025
135.67310167310168,0.0025
135.67320067320068,0.0
135.67329967329968,0.0
135.67339867339868,0.0025
135.67349767349768,-0.0025
135.67359667359668,0.0
135.67369567369568,-0.0025
135.67379467379467,0.0
135.67389367389367,0.0025
135.67399267399267,0.0025
135.67409167409167,0.005
135.67419067419067,0.0025
135.6742896742897,0.0025
135.6743886743887,-0.0025
135.6744876744877,-0.0025
135.6745866745867,-0.005
135.6746856746857,-0.01
135.6747846747847,-0.0075
135.6748836748837,-0.005
135.6749826749827,-0.0025
135.67508167508169,-0.0075
135.67518067518068,-0.0075
135.67527967527968,0.0
135.67537867537868,-0.005
135.67547767547768,0.0
135.67557667557668,-0.005
135.67567567567568,-0.0025
135.67577467577468,-0.0025
135.67587367587367,0.0
135.67597267597267,-0.0025
135.67607167607167,-0.005
135.67617067617067,-0.005
135.6762696762697,0.0
135.6763686763687,-0.0025
135.6764676764677,-0.005
135.6765666765667,-0.005
135.6766656766657,-0.005
135.6767646767647,-0.0025
135.6768636768637,0.0
135.6769626769627,0.0025
135.6770616770617,0.0025
135.67716067716069,0.0025
135.67725967725968,0.0
135.67735867735868,0.0025
135.67745767745768,0.005
135.67755667755668,0.0075
135.67765567765568,0.0025
135.67775467775468,0.0025
135.67785367785368,-0.005
135.67795267795267,-0.0025
135.67805167805167,-0.005
135.6781506781507,-0.0025
135.6782496782497,0.0025
135.6783486783487,0.0
135.6784476784477,-0.0025
135.6785466785467,-0.0025
135.6786456786457,-0.0025
135.6787446787447,-0.005
135.6788436788437,-0.0025
135.6789426789427,-0.0025
135.6790416790417,0.0025
135.6791406791407,0.0025
135.67923967923969,0.0
135.67933867933868,0.0025
135.67943767943768,-0.0025
135.67953667953668,0.0025
135.67963567963568,0.0025
135.67973467973468,0.0
135.67983367983368,0.0025
135.67993267993268,0.0
135.68003168003168,0.0
135.6801306801307,-0.0025
135.6802296802297,-0.005
135.6803286803287,-0.005
135.6804276804277,-0.005
135.6805266805267,-0.005
135.6806256806257,-0.0025
135.6807246807247,-0.005
135.6808236808237,-0.0075
135.6809226809227,-0.005
135.6810216810217,-0.0075
135.6811206811207,-0.005
135.6812196812197,0.0
135.6813186813187,0.0
135.68141768141768,-0.005
135.68151668151668,-0.005
135.68161568161568,-0.0025
135.68171468171468,-0.0025
135.68181368181368,-0.0025
135.68191268191268,-0.005
135.68201168201168,-0.0025
135.6821106821107,-0.005
135.6822096822097,-0.0075
135.6823086823087,-0.005
135.6824076824077,-0.0025
135.6825066825067,0.0
135.6826056826057,-0.0025
135.6827046827047,-0.0025
135.6828036828037,0.0
135.6829026829027,0.0025
135.6830016830017,0.0025
135.6831006831007,0.0
135.6831996831997,0.0
135.6832986832987,0.0025
135.6833976833977,-0.0025
135.68349668349668,0.0
135.68359568359568,-0.0025
135.68369468369468,0.0025
135.68379368379368,0.0025
135.68389268389268,0.0
135.68399168399168,0.0
135.6840906840907,0.0025
135.6841896841897,0.0
135.6842886842887,0.0
135.6843876843877,0.0
135.6844866844867,0.0025
135.6845856845857,0.0025
135.6846846846847,0.005
135.6847836847837,0.0
135.6848826848827,0.0
135.6849816849817,0.0
135.6850806850807,0.0
135.6851796851797,0.0
135.6852786852787,0.0
135.6853776853777,0.0
135.6854766854767,-0.0025
135.68557568557569,0.0
135.68567468567468,0.0025
135.68577368577368,-0.0025
135.68587268587268,-0.0025
135.6859716859717,0.0
135.6860706860707,0.0025
135.6861696861697,0.0
135.6862686862687,0.0025
135.6863676863677,0.0025
135.6864666864667,-0.0025
135.6865656865657,0.0025
135.6866646866647,0.0
135.6867636867637,0.005
135.6868626868627,0.0
135.6869616869617,-0.0025
135.6870606870607,-0.0025
135.6871596871597,0.0075
135.6872586872587,0.0075
135.6873576873577,0.0025
135.6874566874567,0.0
135.6875556875557,0.0
135.68765468765469,0.0025
135.68775368775368,0.0075
135.68785268785268,0.005
135.6879516879517,0.0
135.6880506880507,0.0
135.6881496881497,0.0
135.6882486882487,0.0025
135.6883476883477,0.0025
135.6884466884467,0.0025
135.6885456885457,0.0075
135.6886446886447,0.0
135.6887436887437,0.0025
135.6888426888427,0.0
135.6889416889417,0.0025
135.6890406890407,0.0025
135.6891396891397,0.0
135.6892386892387,0.0
135.6893376893377,0.0025
135.6894366894367,0.0025
135.6895356895357,0.005
135.6896346896347,0.0025
135.68973368973369,0.0
135.68983268983268,0.0
135.6899316899317,0.0
135.6900306900307,0.005
135.6901296901297,0.0
135.6902286902287,-0.0025
135.6903276903277,0.005
135.6904266904267,-0.005
135.6905256905257,-0.0025
135.6906246906247,-0.0025
135.6907236907237,-0.0025
135.6908226908227,-0.0025
135.6909216909217,0.0025
135.6910206910207,0.0
135.6911196911197,-0.005
135.6912186912187,-0.005
135.6913176913177,-0.0075
135.6914166914167,-0.01
135.6915156915157,-0.0075
135.6916146916147,-0.0025
135.6917136917137,-0.0025
135.69181269181271,-0.0025
135.6919116919117,-0.005
135.6920106920107,-0.005
135.6921096921097,-0.0025
135.6922086922087,-0.0025
135.6923076923077,0.0
135.6924066924067,0.0
135.6925056925057,-0.005
135.6926046926047,-0.0075
135.6927036927037,-0.0075
135.6928026928027,-0.012499999
135.6929016929017,-0.01
135.6930006930007,-0.005
135.6930996930997,-0.005
135.6931986931987,-0.01
135.6932976932977,-0.0075
135.6933966933967,-0.005
135.6934956934957,-0.0075
135.6935946935947,-0.0075
135.6936936936937,-0.0075
135.69379269379272,-0.005
135.69389169389171,-0.005
135.6939906939907,-0.0025
135.6940896940897,-0.005
135.6941886941887,-0.005
135.6942876942877,-0.0075
135.6943866943867,-0.0075
135.6944856944857,-0.005
135.6945846945847,-0.01
135.6946836946837,-0.005
135.6947826947827,-0.005
135.6948816948817,-0.0075
135.6949806949807,-0.0075
135.6950796950797,-0.005
135.6951786951787,-0.005
135.6952776952777,-0.0075
135.6953766953767,-0.0025
135.6954756954757,0.0
135.6955746955747,-0.0025
135.6956736956737,0.0
135.69577269577272,-0.0025
135.69587169587172,-0.005
135.69597069597071,-0.0025
135.6960696960697,-0.0025
135.6961686961687,-0.005
135.6962676962677,-0.0075
135.6963666963667,-0.0075
135.6964656964657,-0.0075
135.6965646965647,-0.0075
135.6966636966637,-0.0175
135.6967626967627,-0.015
135.6968616968617,-0.012499999
135.6969606969607,-0.015
135.6970596970597,-0.012499999
135.6971586971587,-0.0075
135.6972576972577,-0.012499999
135.6973566973567,-0.015
135.6974556974557,-0.015
135.6975546975547,-0.012499999
135.6976536976537,-0.015
135.69775269775272,-0.015
135.69785169785172,-0.0175
135.69795069795072,-0.015
135.69804969804972,-0.015
135.6981486981487,-0.01
135.6982476982477,-0.012499999
135.6983466983467,-0.015
135.6984456984457,-0.0175
135.6985446985447,-0.012499999
135.6986436986437,-0.012499999
135.6987426987427,-0.005
135.6988416988417,-0.0075
135.6989406989407,-0.012499999
135.6990396990397,-0.01
135.6991386991387,-0.015
135.6992376992377,-0.012499999
135.6993366993367,-0.012499999
135.6994356994357,-0.012499999
135.6995346995347,-0.01
135.69963369963372,-0.0075
135.69973269973272,-0.01
135.69983169983172,-0.01
135.69993069993072,-0.005
135.70002970002972,-0.0075
135.70012870012872,-0.0025
135.7002277002277,-0.012499999
135.7003267003267,-0.005
135.7004257004257,-0.0025
135.7005247005247,-0.005
135.7006237006237,0.0
135.7007227007227,-0.005
135.7008217008217,-0.0025
135.7009207009207,-0.0025
135.7010197010197,-0.0075
135.7011187011187,-0.0075
135.7012177012177,-0.0075
135.7013167013167,-0.005
135.7014157014157,-0.01
135.7015147015147,-0.0075
135.70161370161372,-0.012499999
135.70171270171272,-0.015
135.70181170181172,-0.012499999
135.70191070191072,-0.0075
135.70200970200972,-0.0075
135.70210870210872,-0.012499999
135.70220770220772,-0.012499999
135.70230670230671,-0.012499999
135.7024057024057,-0.015
135.7025047025047,-0.015
135.7026037026037,-0.015
135.7027027027027,-0.01
135.7028017028017,-0.012499999
135.7029007029007,-0.012499999
135.7029997029997,-0.012499999
135.7030987030987,-0.015
135.7031977031977,-0.012499999
135.7032967032967,-0.012499999
135.7033957033957,-0.015
135.7034947034947,-0.012499999
135.70359370359373,-0.012499999
135.70369270369272,-0.012499999
135.70379170379172,-0.0075
135.70389070389072,-0.01
135.70398970398972,-0.012499999
135.70408870408872,-0.012499999
135.70418770418772,-0.012499999
135.70428670428672,-0.01
135.70438570438571,-0.0075
135.7044847044847,-0.005
135.7045837045837,-0.01
135.7046827046827,-0.0075
135.7047817047817,-0.0075
135.7048807048807,-0.0025
135.7049797049797,-0.0075
135.7050787050787,-0.005
135.7051777051777,-0.01
135.7052767052767,-0.01
135.7053757053757,-0.01
135.7054747054747,-0.01
135.70557370557373,-0.012499999
135.70567270567273,-0.0075
135.70577170577172,-0.0075
135.70587070587072,-0.005
135.70596970596972,-0.005
135.70606870606872,-0.012499999
135.70616770616772,-0.005
135.70626670626672,-0.0075
135.70636570636572,-0.005
135.70646470646471,-0.0075
